field,plot,year,biomass,treatment,plot_id,z
A,1,1982,61.337,9,A:1,-2.0971893285431618
A,1,1983,135.903,9,A:1,-0.7684534655756333
A,1,1984,216.882,9,A:1,0.01637500734679273
A,1,1985,302.775,9,A:1,0.5776738981002038
A,1,1986,586.8720000000001,9,A:1,1.6927635911175503
A,1,1987,468.351,9,A:1,1.3124797242184818
A,1,1988,170.432,9,A:1,-0.3885822240204183
A,1,1989,252.634,9,A:1,0.27299359762623504
A,1,1990,190.636,9,A:1,-0.2004132025201803
A,1,1991,389.362,9,A:1,1.0012439498658623
A,1,1992,152.133,9,A:1,-0.5792320077343703
A,1,1993,202.817,9,A:1,-0.09633127595519898
A,1,1994,241.732,9,A:1,0.19879019074691276
A,1,1995,147.334,9,A:1,-0.6330091231951241
A,1,1996,139.59,9,A:1,-0.7235689535368143
A,1,1997,91.933,9,A:1,-1.4227468990558332
A,1,1998,120.281,9,A:1,-0.9730922735711452
A,1,1999,226.834,9,A:1,0.09181022961557561
A,1,2000,142.9,9,A:1,-0.6842655255621479
A,1,2001,112.167,9,A:1,-1.0900453907122627
A,1,2002,137.074,9,A:1,-0.7540683619452315
A,1,2003,77.866,9,A:1,-1.6999538375987118
A,1,2004,52.5333,9,A:1,-2.3543359029460893
A,10,1982,127.767,3,A:10,-0.8719329108983391
A,10,1983,107.295,3,A:10,-1.1643692037339386
A,10,1984,181.567,3,A:10,-0.28229493662323696
A,10,1985,180.163,3,A:10,-0.29533380754713895
A,10,1986,215.936,3,A:10,0.009025907438652319
A,10,1987,199.934,3,A:10,-0.12039228857259522
A,10,1988,49.934,3,A:10,-2.4384009628116496
A,10,1989,249.331,3,A:10,0.2508542785152671
A,10,1990,65.52,3,A:10,-1.9874954693397222
A,10,1991,267.737,3,A:10,0.3706847121727924
A,10,1992,143.333,3,A:10,-0.6791910126136476
A,10,1993,188.803,3,A:10,-0.21664589483493904
A,10,1994,82.567,3,A:10,-1.6021654855260534
A,10,1995,208.266,3,A:10,-0.051770317749261885
A,10,1996,166.74,3,A:10,-0.42535349981326354
A,10,1997,143.09300000000002,3,A:10,-0.682001792123102
A,10,1998,163.92600000000002,3,A:10,-0.45392781820594846
A,10,1999,268.33,3,A:10,0.3744075006059341
A,10,2000,219.137,3,A:10,0.03376531549981021
A,10,2001,250.297,3,A:10,0.25735925509348184
A,10,2002,155.59,3,A:10,-0.5415274542335373
A,10,2003,140.899,3,A:10,-0.7079161888021644
A,10,2004,152.35,3,A:10,-0.5768403266963652
A,11,1982,164.763,8,A:11,-0.44537800787284987
A,11,1983,1267.414,8,A:11,2.9915978147228808
A,11,1984,284.8,8,A:11,0.47465561689254127
A,11,1985,364.583,8,A:11,0.8904798465171808
A,11,1986,160.676,8,A:11,-0.4875424764736808
A,11,1987,199.377,8,A:11,-0.1250806842195773
A,11,1988,10.333,8,A:11,-4.976592899759403
A,11,1989,244.0,8,A:11,0.2144979694458654
A,11,1990,71.0,8,A:11,-1.8537913949753213
A,11,1991,314.303,8,A:11,0.6405822989926385
A,11,1992,226.86999999999998,8,A:11,0.09207708102746925
A,11,1993,296.144,8,A:11,0.5403977898379239
A,11,1994,151.76999999999998,8,A:11,-0.5832404251162603
A,11,1995,287.503,8,A:11,0.4905541849968416
A,11,1996,244.03,8,A:11,0.214704768444064
A,11,1997,6.300000000000001,8,A:11,-5.7194734533484475
A,11,1998,346.037,8,A:11,0.8025492192364253
A,11,1999,257.47,8,A:11,0.30489361197255516
A,11,2000,373.87,8,A:11,0.9328490760854755
A,11,2001,209.233,8,A:11,-0.04398374837320096
A,11,2002,209.257,8,A:11,-0.04379094909032422
A,11,2003,227.53,8,A:11,0.0969618996935567
A,11,2004,315.61010000000005,8,A:11,0.6475694787975987
A,12,1982,105.475,1,A:12,-1.1929950286686821
A,12,1983,172.298,1,A:12,-0.37029757427078014
A,12,1984,191.331,1,A:12,-0.19429898025422157
A,12,1985,173.30599999999998,1,A:12,-0.3605020693290871
A,12,1986,182.12300000000002,1,A:12,-0.2771590918893522
A,12,1987,187.2,1,A:12,-0.2309707659483427
A,12,1988,41.867,1,A:12,-2.729625920456782
A,12,1989,176.234,1,A:12,-0.3323664673826445
A,12,1990,52.487,1,A:12,-2.3557972881234197
A,12,1991,186.497,1,A:12,-0.23729150627519852
A,12,1992,108.604,1,A:12,-1.1440765204225474
A,12,1993,162.834,1,A:12,-0.46514787635610516
A,12,1994,125.567,1,A:12,-0.9010383813447435
A,12,1995,198.267,1,A:12,-0.13446279685289814
A,12,1996,208.223,1,A:12,-0.052117401477678765
A,12,1997,255.867,1,A:12,0.294386256086834
A,12,1998,137.63400000000001,1,A:12,-0.747232130643068
A,12,1999,178.366,1,A:12,-0.31217067580236463
A,12,2000,176.134,1,A:12,-0.3333196922378847
A,12,2001,149.634,1,A:12,-0.6070218003454757
A,12,2002,133.2,1,A:12,-0.8021337660756206
A,12,2003,192.133,1,A:12,-0.18727083036476053
A,12,2004,93.4337,1,A:12,-1.395691084987061
A,13,1982,155.524,5,A:13,-0.5422394727693277
A,13,1983,140.744,5,A:13,-0.7097620945207882
A,13,1984,352.715,5,A:13,0.8347410043672626
A,13,1985,229.08499999999998,5,A:13,0.10841527907346614
A,13,1986,205.13,5,A:13,-0.0772721766581075
A,13,1987,190.42000000000002,5,A:13,-0.2023179673865448
A,13,1988,24.267,5,A:13,-3.6224164118974436
A,13,1989,242.403,5,A:13,0.20345265752251848
A,13,1990,113.36999999999999,5,A:13,-1.0721859649752776
A,13,1991,218.39700000000002,5,A:13,0.02807823338979304
A,13,1992,56.133,5,A:13,-2.244421653378896
A,13,1993,222.837,5,A:13,0.06191698044117712
A,13,1994,75.271,5,A:13,-1.7564621486402143
A,13,1995,158.5,5,A:13,-0.5104286030272059
A,13,1996,250.767,5,A:13,0.2605151649412302
A,13,1997,100.03300000000002,5,A:13,-1.2816030691250386
A,13,1998,130.99699999999999,5,A:13,-0.8300895129520348
A,13,1999,257.613,5,A:13,0.3058277813626933
A,13,2000,95.944,5,A:13,-1.3513803403227593
A,13,2001,352.274,5,A:13,0.832633949556329
A,13,2002,140.84,5,A:13,-0.7086185860934369
A,13,2003,122.137,5,A:13,-0.9474413517274515
A,13,2004,317.6333,5,A:13,0.6583279352732355
A,14,1982,177.26,6,A:14,-0.3226173312334906
A,14,1983,319.33,6,A:14,0.6672976784861755
A,14,1984,477.228,6,A:14,1.344125324750745
A,14,1985,271.486,6,A:14,0.39408364153752706
A,14,1986,165.2,6,A:14,-0.4409312667054408
A,14,1987,250.10299999999998,6,A:14,0.2560548816001488
A,14,1988,36.3,6,A:14,-2.9645756725565584
A,14,1989,426.137,6,A:14,1.1533016798622802
A,14,1990,94.2,6,A:14,-1.382040994992612
A,14,1991,260.93,6,A:14,0.32735285188838165
A,14,1992,210.597,6,A:14,-0.0330610921509209
A,14,1993,209.535,6,A:14,-0.0415592932047714
A,14,1994,101.47,6,A:14,-1.2577500687681487
A,14,1995,295.13300000000004,6,A:14,0.534641483369768
A,14,1996,207.0,6,A:14,-0.0620190909757523
A,14,1997,82.75,6,A:14,-1.5984709398698935
A,14,1998,273.57,6,A:14,0.40695184366037845
A,14,1999,424.427,6,A:14,1.1465265200097425
A,14,2000,151.567,6,A:14,-0.5854862015056234
A,14,2001,279.896,6,A:14,0.4454234506731669
A,14,2002,290.26,6,A:14,0.5066176557981308
A,14,2003,119.401,6,A:14,-0.9853918492547719
A,14,2004,79.113,6,A:14,-1.6734575247171626
A,15,1982,124.05199999999999,3,A:15,-0.9213771329783816
A,15,1983,178.03799999999998,3,A:15,-0.3152620456094942
A,15,1984,196.68500000000003,3,A:15,-0.1479251391250366
A,15,1985,220.896,3,A:15,0.04720729667880936
A,15,1986,200.335,3,A:15,-0.11702501970877512
A,15,1987,228.643,3,A:15,0.10516761357489761
A,15,1988,91.567,3,A:15,-1.429411706076958
A,15,1989,211.936,3,A:15,-0.022406902911480658
A,15,1990,53.090999999999994,3,A:15,-2.3368316316408126
A,15,1991,185.058,3,A:15,-0.2503039310648365
A,15,1992,134.233,3,A:15,-0.7891828196544998
A,15,1993,125.135,3,A:15,-0.906813026928029
A,15,1994,160.933,3,A:15,-0.4848598360334987
A,15,1995,182.0,3,A:15,-0.2782939144456233
A,15,1996,229.32999999999998,3,A:15,0.11021276916528709
A,15,1997,233.093,3,A:15,0.13758308740068992
A,15,1998,114.767,3,A:15,-1.0516807117405027
A,15,1999,211.2,3,A:15,-0.028254806582418957
A,15,2000,83.1,3,A:15,-1.5914272995279053
A,15,2001,302.57,3,A:15,0.5765337316409493
A,15,2002,143.832,3,A:15,-0.6733618644384505
A,15,2003,98.9,3,A:15,-1.300650354481792
A,15,2004,255.3663,3,A:15,0.291090821114297
A,16,1982,83.765,2,A:16,-1.5781247743375877
A,16,1983,103.59,2,A:16,-1.2231637235985457
A,16,1984,249.422,2,A:16,0.25146813617769026
A,16,1985,132.946,2,A:16,-0.8053334889617296
A,16,1986,328.561,2,A:16,0.7152806656478836
A,16,1987,262.203,2,A:16,0.3355414543500267
A,16,1988,126.43299999999999,2,A:16,-0.8895214785270146
A,16,1989,235.233,2,A:16,0.15295286654049456
A,16,1990,106.432,2,A:16,-1.1778824114475044
A,16,1991,194.5,2,A:16,-0.1666970643178016
A,16,1992,185.632,2,A:16,-0.24510140410030667
A,16,1993,178.607,2,A:16,-0.30990287362849855
A,16,1994,114.06700000000001,2,A:16,-1.061924236887892
A,16,1995,171.09900000000002,2,A:16,-0.3820236369271921
A,16,1996,183.237,2,A:16,-0.2669156832187979
A,16,1997,121.804,2,A:16,-0.9520150067961416
A,16,1998,147.9,2,A:16,-0.6265767932392798
A,16,1999,249.274,2,A:16,0.2504696605920404
A,16,2000,83.21300000000001,2,A:16,-1.5891594685057338
A,16,2001,183.59699999999998,2,A:16,-0.2636186635793535
A,16,2002,124.22,2,A:16,-0.9191096349050154
A,16,2003,103.2,2,A:16,-1.2294733734890986
A,16,2004,86.967,2,A:16,-1.5154997188600419
A,17,1982,248.624,8,A:17,0.24607746121362511
A,17,1983,526.084,8,A:17,1.5084145695446294
A,17,1984,268.07599999999996,8,A:17,0.37281392122522017
A,17,1985,412.15,8,A:17,1.0970692449291861
A,17,1986,253.5,8,A:17,0.278750513740912
A,17,1987,290.83,8,A:17,0.5099197483731462
A,17,1988,14.633,8,A:17,-4.433312568990727
A,17,1989,158.837,8,A:17,-0.5068638399978169
A,17,1990,172.377,8,A:17,-0.36952781590319594
A,17,1991,360.97,8,A:17,0.8737050701237915
A,17,1992,390.7,8,A:17,1.0070231162335042
A,17,1993,212.703,8,A:17,-0.01633415682110832
A,17,1994,85.3,8,A:17,-1.5478131842870904
A,17,1995,197.763,8,A:17,-0.13874004853651473
A,17,1996,401.03,8,A:17,1.050987591277698
A,17,1997,23.1,8,A:17,-3.702282953728813
A,17,1998,197.83,8,A:17,-0.13817082097360217
A,17,1999,384.067,8,A:17,0.978177512650064
A,17,2000,179.634,8,A:17,-0.3002728284491294
A,17,2001,246.06,8,A:17,0.22863966682058556
A,17,2002,136.13,8,A:17,-0.7656553030546077
A,17,2003,122.7,8,A:17,-0.9397367759232816
A,17,2004,257.0467,8,A:17,0.30212530757893247
A,18,1982,196.469,8,A:18,-0.14977158786650846
A,18,1983,649.1329999999999,8,A:18,1.862787533380012
A,18,1984,363.4,8,A:18,0.8850056268261408
A,18,1985,457.277,8,A:18,1.2721522384609874
A,18,1986,242.07,8,A:18,0.20114040424319474
A,18,1987,184.9,8,A:18,-0.25173880270901927
A,18,1988,18.267,8,A:18,-4.080303113222092
A,18,1989,331.1,8,A:18,0.7282428782266458
A,18,1990,119.063,8,A:18,-0.9901399154294319
A,18,1991,428.07099999999997,8,A:18,1.1609317366625935
A,18,1992,153.43400000000003,8,A:18,-0.5649433973507649
A,18,1993,319.599,8,A:18,0.6687154042346347
A,18,1994,172.71099999999998,8,A:18,-0.3662772659392748
A,18,1995,316.64,8,A:18,0.6530545811943183
A,18,1996,289.82,8,A:18,0.5040642494968574
A,18,1997,4.367,8,A:18,-6.239007003886833
A,18,1998,265.87,8,A:18,0.35891001689633034
A,18,1999,717.4,8,A:18,2.031429633621893
A,18,2000,205.98399999999998,8,A:18,-0.07028923489173472
A,18,2001,229.147,8,A:18,0.10887033494684902
A,18,2002,242.203,8,A:18,0.20206429652591448
A,18,2003,101.134,8,A:18,-1.2632972887904288
A,18,2004,241.3338,8,A:18,0.1960171864544617
A,19,1982,93.637,5,A:19,-1.3920589401536227
A,19,1983,302.083,5,A:19,0.5738220509485223
A,19,1984,409.59099999999995,5,A:19,1.0865754917677428
A,19,1985,222.05,5,A:19,0.055968208712311396
A,19,1986,235.89900000000003,5,A:19,0.15770777365652028
A,19,1987,158.49,5,A:19,-0.510534497373939
A,19,1988,20.8,5,A:19,-3.871688990105082
A,19,1989,236.933,5,A:19,0.1650635935976754
A,19,1990,83.78299999999999,5,A:19,-1.577766158323216
A,19,1991,184.86999999999998,5,A:19,-0.25201138444821525
A,19,1992,166.636,5,A:19,-0.4264009930234445
A,19,1993,132.663,5,A:19,-0.8089056886334683
A,19,1994,117.358,5,A:19,-1.0142965887116395
A,19,1995,206.57,5,A:19,-0.0655143089594391
A,19,1996,154.57,5,A:19,-0.5525650455428573
A,19,1997,93.19999999999999,5,A:19,-1.399876027485974
A,19,1998,250.736,5,A:19,0.260307190734804
A,19,1999,218.797,5,A:19,0.03115470957055308
A,19,2000,135.133,5,A:19,-0.7779797119123102
A,19,2001,258.613,5,A:19,0.3123460339359553
A,19,2002,136.27,5,A:19,-0.7639318724125382
A,19,2003,137.383,5,A:19,-0.7502928059703246
A,19,2004,252.6304,5,A:19,0.27296962487049736
A,2,1982,111.936,2,A:2,-1.093496475665962
A,2,1983,145.74699999999999,2,A:2,-0.6511763949035315
A,2,1984,229.787,2,A:2,0.1135605348433931
A,2,1985,114.579,2,A:2,-1.0544257335160145
A,2,1986,274.14,2,A:2,0.4104544491001776
A,2,1987,156.444,2,A:2,-0.5323413342371552
A,2,1988,36.033,2,A:2,-2.9767090389509603
A,2,1989,170.8,2,A:2,-0.3849605441596559
A,2,1990,84.375,2,A:2,-1.5660139107792956
A,2,1991,135.764,2,A:2,-0.7701691691268867
A,2,1992,120.366,2,A:2,-0.9719089763047476
A,2,1993,226.60000000000002,2,A:2,0.09007466698597758
A,2,1994,126.932,2,A:2,-0.882920784992998
A,2,1995,197.965,2,A:2,-0.1370244523017222
A,2,1996,188.443,2,A:2,-0.21985239647445995
A,2,1997,134.6,2,A:2,-0.7846054646767833
A,2,1998,155.363,2,A:2,-0.5439776267169876
A,2,1999,259.837,2,A:2,0.32029028662425624
A,2,2000,145.36599999999999,2,A:2,-0.6555671577814206
A,2,2001,164.299,2,A:2,-0.4501123405760946
A,2,2002,177.334,2,A:2,-0.32191634814845616
A,2,2003,146.634,2,A:2,-0.6409983350176678
A,2,2004,112.337,2,A:2,-1.0875101279887063
A,20,1982,84.27,9,A:20,-1.5680923897275478
A,20,1983,97.81700000000001,9,A:20,-1.3190600912337995
A,20,1984,214.564,9,A:20,-0.001689761814906795
A,20,1985,138.889,9,A:20,-0.7320114019551671
A,20,1986,428.908,9,A:20,1.1642232293375405
A,20,1987,146.763,9,A:20,-0.6395231941278438
A,20,1988,141.13299999999998,9,A:20,-0.7051332828622564
A,20,1989,143.632,9,A:20,-0.6756957811278367
A,20,1990,163.028,9,A:20,-0.4631491168568044
A,20,1991,137.168,9,A:20,-0.7529189174501904
A,20,1992,141.8,9,A:20,-0.6972258826418979
A,20,1993,201.833,9,A:20,-0.10450509489669291
A,20,1994,155.00099999999998,9,A:20,-0.547892319032664
A,20,1995,173.60399999999998,9,A:20,-0.35761702296514836
A,20,1996,203.23000000000002,9,A:20,-0.09291234874466234
A,20,1997,116.49,9,A:20,-1.0267285409286073
A,20,1998,181.996,9,A:20,-0.27833083204871845
A,20,1999,203.586,9,A:20,-0.08997082697342221
A,20,2000,140.367,9,A:20,-0.7142602525304382
A,20,2001,76.426,9,A:20,-1.7310772979707074
A,20,2002,131.79999999999998,9,A:20,-0.8198458882192189
A,20,2003,82.7,9,A:20,-1.5994795764377487
A,20,2004,76.0966,9,A:20,-1.7382781202048736
A,21,1982,172.614,6,A:21,-0.36722064350713834
A,21,1983,343.253,6,A:21,0.7889453907354481
A,21,1984,384.45399999999995,6,A:21,0.9798741005524262
A,21,1985,222.923,6,A:21,0.06256576873712433
A,21,1986,304.76300000000003,6,A:21,0.5886909901545131
A,21,1987,178.896,6,A:21,-0.30718740205113354
A,21,1988,36.766999999999996,6,A:21,-2.9435609690293556
A,21,1989,303.07000000000005,6,A:21,0.5793132758840415
A,21,1990,126.257,6,A:21,-0.8918557463715927
A,21,1991,201.596,6,A:21,-0.10647971443199727
A,21,1992,190.93,6,A:21,-0.19782405285232135
A,21,1993,159.9,6,A:21,-0.49566854257416554
A,21,1994,98.967,6,A:21,-1.2995179969602582
A,21,1995,290.83,6,A:21,0.5099197483731462
A,21,1996,192.866,6,A:21,-0.18087282654332165
A,21,1997,25.366,6,A:21,-3.550506993725905
A,21,1998,163.403,6,A:21,-0.459292227700543
A,21,1999,220.357,6,A:21,0.04309970618999367
A,21,2000,93.333,6,A:21,-1.3974930816074342
A,21,2001,269.663,6,A:21,0.38274609300527546
A,21,2002,136.296,6,A:21,-0.763612000257348
A,21,2003,142.601,6,A:21,-0.6877785553254443
A,21,2004,293.79630000000003,6,A:21,0.5270005043247407
A,22,1982,113.49,1,A:22,-1.0704147909431603
A,22,1983,111.646,1,A:22,-1.0978390137745258
A,22,1984,179.115,1,A:22,-0.3051325609605487
A,22,1985,147.70600000000002,1,A:22,-0.6287787559124144
A,22,1986,239.616,1,A:22,0.18400222772626718
A,22,1987,226.96,1,A:22,0.09274402515758835
A,22,1988,98.5,1,A:22,-1.30742653963006
A,22,1989,155.763,1,A:22,-0.5396625259552666
A,22,1990,84.086,1,A:22,-1.571740856553022
A,22,1991,80.566,1,A:22,-1.6430994981795892
A,22,1992,111.335,1,A:22,-1.1025084523500859
A,22,1993,169.055,1,A:22,-0.4022033171679667
A,22,1994,112.729,1,A:22,-1.081678574909438
A,22,1995,164.536,1,A:22,-0.44769249966042485
A,22,1996,204.378,1,A:22,-0.08344508580981953
A,22,1997,150.533,1,A:22,-0.596971853047397
A,22,1998,187.69600000000003,1,A:22,-0.22652537211330756
A,22,1999,153.88700000000003,1,A:22,-0.5599964310611321
A,22,2000,214.23299999999998,1,A:22,-0.0042851675079731005
A,22,2001,196.96599999999998,1,A:22,-0.14552606332929427
A,22,2002,149.567,1,A:22,-0.6077731952479222
A,22,2003,114.733,1,A:22,-1.052176821497945
A,22,2004,169.1667,1,A:22,-0.401094292969488
A,23,1982,159.913,4,A:23,-0.49553208752426486
A,23,1983,240.13799999999998,4,A:23,0.1876623465744348
A,23,1984,549.3420000000001,4,A:23,1.5813439006215952
A,23,1985,148.93299999999996,4,A:23,-0.61490000671183
A,23,1986,170.738,4,A:23,-0.38557017475576544
A,23,1987,133.13400000000001,4,A:23,-0.8029646073890937
A,23,1988,30.6,4,A:23,-3.2446667033546475
A,23,1989,235.70000000000002,4,A:23,0.15628841493982645
A,23,1990,78.973,4,A:23,-1.6764116209386362
A,23,1991,221.0,4,A:23,0.04799870745526345
A,23,1992,133.5,4,A:23,-0.798362357252845
A,23,1993,198.183,4,A:23,-0.13517492033261605
A,23,1994,141.36,4,A:23,-0.7024380008782918
A,23,1995,253.937,4,A:23,0.28164813022249985
A,23,1996,193.677,4,A:23,-0.17382212648655532
A,23,1997,109.83399999999999,4,A:23,-1.1252281850564845
A,23,1998,201.663,4,A:23,-0.10592125454747685
A,23,1999,196.496,4,A:23,-0.1495406713503442
A,23,2000,106.704,4,A:23,-1.173611644333953
A,23,2001,254.363,4,A:23,0.28446803196327763
A,23,2002,249.97,4,A:23,0.255160063772262
A,23,2003,123.534,4,A:23,-0.9283878107519563
A,23,2004,291.3663,4,A:23,0.5130207283421457
A,24,1982,126.88499999999999,4,A:24,-0.8835413943299775
A,24,1983,190.22,4,A:24,-0.20408355596744093
A,24,1984,419.382,4,A:24,1.1263779669663385
A,24,1985,172.743,4,A:24,-0.36596616415084604
A,24,1986,149.499,4,A:24,-0.6085361469593422
A,24,1987,106.999,4,A:24,-1.1689919212329596
A,24,1988,18.867,4,A:24,-4.02850894216474
A,24,1989,186.996,4,A:24,-0.23280251459978354
A,24,1990,88.933,4,A:24,-1.4781682489722496
A,24,1991,211.538,4,A:24,-0.02556670597992556
A,24,1992,148.636,4,A:24,-0.6182489636700421
A,24,1993,278.193,4,A:24,0.43515254390576347
A,24,1994,153.0,4,A:24,-0.5696965046013129
A,24,1995,202.763,4,A:24,-0.09677881480498628
A,24,1996,227.467,4,A:24,0.09649623099427448
A,24,1997,98.0,4,A:24,-1.3159351817194418
A,24,1998,191.934,4,A:24,-0.1890119967655134
A,24,1999,224.373,4,A:24,0.0734672823595807
A,24,2000,202.417,4,A:24,-0.09964919621891373
A,24,2001,132.233,4,A:24,-0.8143479151031706
A,24,2002,211.41,4,A:24,-0.026584181659402375
A,24,2003,171.53300000000002,4,A:24,-0.37776976703368714
A,24,2004,221.29999999999998,4,A:24,0.0502795476164466
A,25,1982,231.037,7,A:25,0.1226836895919514
A,25,1983,379.837,7,A:25,0.9595214372039154
A,25,1984,475.60299999999995,7,A:25,1.3383765258342624
A,25,1985,314.974,7,A:25,0.6441727794000643
A,25,1986,211.903,7,A:25,-0.022668671994349764
A,25,1987,170.343,7,A:25,-0.3894592868805236
A,25,1988,9.333,7,A:25,-5.132612723877249
A,25,1989,317.27000000000004,7,A:25,0.6564011124147984
A,25,1990,154.90300000000002,7,A:25,-0.5489536601501184
A,25,1991,302.967,7,A:25,0.5787410637470175
A,25,1992,190.17,7,A:25,-0.2045252416528161
A,25,1993,226.16699999999997,7,A:25,0.08685842343182454
A,25,1994,74.32000000000001,7,A:25,-1.777653694606936
A,25,1995,352.503,7,A:25,0.8337284172163343
A,25,1996,270.503,7,A:25,0.3879796528989239
A,25,1997,72.276,7,A:25,-1.8241213767424846
A,25,1998,187.67,7,A:25,-0.2267581064296966
A,25,1999,487.979,7,A:25,1.3816742198518572
A,25,2000,262.233,7,A:25,0.3357339520383888
A,25,2001,406.316,7,A:25,1.0730497981927216
A,25,2002,186.96699999999998,7,A:25,-0.23306307159446094
A,25,2003,153.77,7,A:25,-0.5612727371008932
A,25,2004,197.2737,7,A:25,-0.14290293558230663
A,26,1982,112.799,2,A:26,-1.08063934162371
A,26,1983,162.822,2,A:26,-0.46527158868001284
A,26,1984,407.511,2,A:26,1.0779976876184636
A,26,1985,245.86,2,A:26,0.22727186476763156
A,26,1986,155.067,2,A:26,-0.5471779139291696
A,26,1987,273.533,2,A:26,0.40672423029911936
A,26,1988,48.333,2,A:26,-2.4923420962409906
A,26,1989,283.166,2,A:26,0.4649716312620173
A,26,1990,83.267,2,A:26,-1.5880768005951493
A,26,1991,167.49900000000002,2,A:26,-0.41772842213752054
A,26,1992,109.033,2,A:26,-1.1374786742573304
A,26,1993,137.4,2,A:26,-0.7500853340371377
A,26,1994,129.398,2,A:26,-0.8506743829448148
A,26,1995,151.263,2,A:26,-0.5888549288785968
A,26,1996,208.836,2,A:26,-0.04717616708086409
A,26,1997,94.336,2,A:26,-1.3796299140939594
A,26,1998,131.667,2,A:26,-0.8215382413116232
A,26,1999,190.43300000000002,2,A:26,-0.20220326798764618
A,26,2000,98.334,2,A:26,-1.310246658298534
A,26,2001,189.03300000000002,2,A:26,-0.21460047902130444
A,26,2002,122.533,2,A:26,-0.9420184832787329
A,26,2003,135.367,2,A:26,-0.7750790353788047
A,26,2004,207.5297,2,A:26,-0.05772338965345988
A,27,1982,118.53,3,A:27,-0.99765447694409
A,27,1983,160.85,3,A:27,-0.4857257483224886
A,27,1984,247.61,3,A:27,0.23920274084698345
A,27,1985,179.043,3,A:27,-0.3058078493460505
A,27,1986,288.589,3,A:27,0.4968999388294801
A,27,1987,200.48,3,A:27,-0.11580907947037287
A,27,1988,23.666,3,A:27,-3.6630754995848056
A,27,1989,223.599,3,A:27,0.06765688621722003
A,27,1990,79.23,3,A:27,-1.670992701490143
A,27,1991,156.339,3,A:27,-0.5334680850734994
A,27,1992,100.999,3,A:27,-1.265531223405631
A,27,1993,242.438,3,A:27,0.20369550340441966
A,27,1994,140.118,3,A:27,-0.7172377672140948
A,27,1995,173.432,3,A:27,-0.3592816161150559
A,27,1996,187.943,3,A:27,-0.2243159941385193
A,27,1997,175.78799999999998,3,A:27,-0.336622007423591
A,27,1998,171.096,3,A:27,-0.38205307887520545
A,27,1999,194.253,3,A:27,-0.16883229368563546
A,27,2000,138.824,3,A:27,-0.732796367432998
A,27,2001,267.63599999999997,3,A:27,0.3700498267127504
A,27,2002,158.09,3,A:27,-0.5147757247459176
A,27,2003,93.233,3,A:27,-1.3992844565541505
A,27,2004,175.34640000000002,3,A:27,-0.3408461552617666
A,28,1982,134.179,5,A:28,-0.7898573750949176
A,28,1983,156.907,5,A:28,-0.5273818452006648
A,28,1984,462.453,5,A:28,1.2911212610547789
A,28,1985,192.52700000000002,5,A:28,-0.18382878199102662
A,28,1986,261.20300000000003,5,A:28,0.3291122779717157
A,28,1987,132.563,5,A:28,-0.8101697587176045
A,28,1988,14.2,5,A:28,-4.480753205785978
A,28,1989,357.56699999999995,5,A:28,0.8577514687926717
A,28,1990,126.787,5,A:28,-0.8848361647593443
A,28,1991,190.37,5,A:28,-0.20275919152831556
A,28,1992,206.66299999999998,5,A:28,-0.064757753205365
A,28,1993,187.0,5,A:28,-0.23276657885828156
A,28,1994,86.786,5,A:28,-1.5189784897355403
A,28,1995,354.393,5,A:28,0.8427343800704817
A,28,1996,111.733,5,A:28,-1.0965350795917355
A,28,1997,116.974,5,A:28,-1.0197851550818386
A,28,1998,254.303,5,A:28,0.2840711474500062
A,28,1999,198.37,5,A:28,-0.1335900074340164
A,28,2000,291.17,5,A:28,0.5118863480477718
A,28,2001,207.164,5,A:28,-0.06068793420535543
A,28,2002,210.17,5,A:28,-0.03647283890096343
A,28,2003,149.029,5,A:28,-0.6138189341341515
A,28,2004,509.40329999999994,5,A:28,1.454099698517823
A,29,1982,136.157,3,A:29,-0.7653227902415352
A,29,1983,198.23499999999999,3,A:29,-0.13473404658495414
A,29,1984,370.456,3,A:29,0.9173969651124246
A,29,1985,137.842,3,A:29,-0.744699989936132
A,29,1986,217.994,3,A:29,0.02497300618189028
A,29,1987,219.08300000000003,3,A:29,0.033350959304625116
A,29,1988,39.533,3,A:29,-2.8241838735796487
A,29,1989,149.73399999999998,3,A:29,-0.6059009368532238
A,29,1990,111.05300000000001,3,A:29,-1.10675366601275
A,29,1991,221.931,3,A:29,0.05506688570165108
A,29,1992,160.6,3,A:29,-0.4883366035072264
A,29,1993,219.367,3,A:29,0.03552902828478543
A,29,1994,136.882,3,A:29,-0.7564185970102485
A,29,1995,192.033,3,A:29,-0.18814556398731191
A,29,1996,208.663,3,A:29,-0.048569211747324585
A,29,1997,104.583,3,A:29,-1.207203998714457
A,29,1998,200.434,3,A:29,-0.11619473123199311
A,29,1999,211.8,3,A:29,-0.023485969863101173
A,29,2000,140.933,3,A:29,-0.707511550112477
A,29,2001,280.464,3,A:29,0.4488352533461326
A,29,2002,135.366,3,A:29,-0.7750914208391833
A,29,2003,191.437,3,A:29,-0.19336839369768413
A,29,2004,270.996,3,A:29,0.3910437190205989
A,3,1982,104.992,4,A:3,-1.2006740564198057
A,3,1983,222.067,4,A:3,0.05609692988644002
A,3,1984,308.00600000000003,4,A:3,0.6065102171891698
A,3,1985,159.534,4,A:3,-0.49951480847144053
A,3,1986,182.352,4,A:3,-0.27504832132397317
A,3,1987,133.629,4,A:3,-0.7967432370573154
A,3,1988,55.433,4,A:3,-2.2652428197627756
A,3,1989,176.333,4,A:3,-0.33142330442201656
A,3,1990,67.624,4,A:3,-1.9349017478439652
A,3,1991,171.86899999999997,4,A:3,-0.3744837908576047
A,3,1992,146.001,4,A:3,-0.648255548292707
A,3,1993,178.976,4,A:3,-0.3064364853205179
A,3,1994,73.628,4,A:3,-1.7932426977306202
A,3,1995,183.963,4,A:3,-0.2602732785205649
A,3,1996,225.567,4,A:3,0.08239158726665324
A,3,1997,87.43299999999999,4,A:3,-1.5065761579959516
A,3,1998,194.8,4,A:3,-0.1641072934817214
A,3,1999,325.803,4,A:3,0.7010867601687716
A,3,2000,89.967,4,A:3,-1.4588602820749519
A,3,2001,181.897,4,A:3,-0.27924479995991286
A,3,2002,202.767,4,A:3,-0.09674565971195813
A,3,2003,130.799,4,A:3,-0.832624915426446
A,3,2004,262.46000000000004,4,A:3,0.3371898072371739
A,30,1982,126.816,3,A:30,-0.8844529149946099
A,30,1983,163.863,3,A:30,-0.4545731071628458
A,30,1984,266.008,3,A:30,0.3597831629896359
A,30,1985,169.833,3,A:30,-0.3944939544083698
A,30,1986,163.865,3,A:30,-0.4545526180095713
A,30,1987,108.167,3,A:30,-1.1508240082010737
A,30,1988,26.9,3,A:30,-3.4549938558401223
A,30,1989,300.43600000000004,3,A:30,0.5646189420189045
A,30,1990,73.269,3,A:30,-1.8013870994420083
A,30,1991,308.47,3,A:30,0.60904444151022
A,30,1992,118.001,3,A:30,-1.0051458495600867
A,30,1993,216.565,3,A:30,0.013915920425120269
A,30,1994,141.142,3,A:30,-0.705026339536609
A,30,1995,176.2,3,A:30,-0.3326905034750459
A,30,1996,334.5,3,A:30,0.7454463535112026
A,30,1997,102.673,3,A:30,-1.238037110185126
A,30,1998,169.933,3,A:30,-0.39350558111735917
A,30,1999,223.733,3,A:30,0.06866425225831302
A,30,2000,159.336,3,A:30,-0.5015992320399656
A,30,2001,211.357,3,A:30,-0.027005659694402002
A,30,2002,145.543,3,A:30,-0.6535259348103168
A,30,2003,105.4,3,A:30,-1.1941851369147616
A,30,2004,202.73,3,A:30,-0.09705236915929559
A,31,1982,192.089,5,A:31,-0.18765565734592274
A,31,1983,213.281,5,A:31,-0.011772207955274542
A,31,1984,314.623,5,A:31,0.6422955517316309
A,31,1985,268.09999999999997,5,A:31,0.372964559994735
A,31,1986,237.299,5,A:31,0.167659639939645
A,31,1987,169.233,5,A:31,-0.40043637127192155
A,31,1988,52.8,5,A:31,-2.345942476839668
A,31,1989,170.0,5,A:31,-0.3928436944460656
A,31,1990,66.37,5,A:31,-1.9660504489872748
A,31,1991,185.903,5,A:31,-0.24265071674564803
A,31,1992,151.376,5,A:31,-0.5876019527232411
A,31,1993,266.397,5,A:31,0.36224199585385475
A,31,1994,109.92699999999999,5,A:31,-1.1238115837217377
A,31,1995,250.73000000000002,5,A:31,0.26026693470441975
A,31,1996,157.567,5,A:31,-0.5203372446418825
A,31,1997,98.093,5,A:31,-1.3143493259180838
A,31,1998,193.767,5,A:31,-0.17304149270019897
A,31,1999,277.423,5,A:31,0.430488038309538
A,31,2000,165.803,5,A:31,-0.43481453425313
A,31,2001,215.68300000000002,5,A:31,0.007055018686976637
A,31,2002,205.731,5,A:31,-0.07235494394064237
A,31,2003,174.264,5,A:31,-0.3512448130754418
A,31,2004,323.1667,5,A:31,0.6874067546206178
A,32,1982,158.68,5,A:32,-0.5085236392380522
A,32,1983,214.967,5,A:32,0.0014648288707865937
A,32,1984,371.56600000000003,5,A:32,0.9224364641613108
A,32,1985,207.24099999999999,5,A:32,-0.060063301617137896
A,32,1986,137.53300000000002,5,A:32,-0.7484630503247113
A,32,1987,98.34700000000001,5,A:32,-1.310025635608833
A,32,1988,42.166,5,A:32,-2.7178862011364147
A,32,1989,246.363,5,A:32,0.23070977890888905
A,32,1990,75.616,5,A:32,-1.748839619078262
A,32,1991,283.637,5,A:32,0.46776873756616655
A,32,1992,158.303,5,A:32,-0.5125159455756608
A,32,1993,288.363,5,A:32,0.49558133070696325
A,32,1994,156.14,5,A:32,-0.5356056106921553
A,32,1995,274.47,5,A:32,0.4124789582373844
A,32,1996,133.13299999999998,5,A:32,-0.8029771990375838
A,32,1997,121.1,5,A:32,-0.9617251988756801
A,32,1998,218.719,5,A:32,0.030555236385359
A,32,1999,312.933,5,A:32,0.633227724761327
A,32,2000,121.334,5,A:32,-0.9584914654238768
A,32,2001,299.937,5,A:32,0.5618207018180992
A,32,2002,141.163,5,A:32,-0.704776831440721
A,32,2003,92.267,5,A:32,-1.4166876737728245
A,32,2004,257.53,5,A:32,0.30528563407474385
A,33,1982,172.21300000000002,9,A:33,-0.3711261872897444
A,33,1983,88.17399999999999,9,A:33,-1.4924829294998592
A,33,1984,127.513,9,A:33,-0.8752677714205427
A,33,1985,198.99,9,A:33,-0.12834583070850838
A,33,1986,139.099,9,A:33,-0.7294778500752933
A,33,1987,254.60399999999998,9,A:33,0.2860612457869041
A,33,1988,67.668,9,A:33,-1.9338191745639173
A,33,1989,188.766,9,A:33,-0.2169751714084046
A,33,1990,95.996,9,A:33,-1.3504746373217904
A,33,1991,223.842,9,A:33,0.06948323395800401
A,33,1992,281.084,9,A:33,0.4525515536071445
A,33,1993,167.5,9,A:33,-0.4177183985951211
A,33,1994,109.227,9,A:33,-1.13450347503851
A,33,1995,176.497,9,A:33,-0.3298620510416207
A,33,1996,176.659,9,A:33,-0.32832125294743114
A,33,1997,141.84400000000002,9,A:33,-0.6967055543771666
A,33,1998,190.477,9,A:33,-0.20181511242542485
A,33,1999,218.644,9,A:33,0.02997861913524362
A,33,2000,157.31,9,A:33,-0.5230768773638658
A,33,2001,130.411,9,A:33,-0.8376043439067219
A,33,2002,105.884,9,A:33,-1.1865196865817234
A,33,2003,83.667,9,A:33,-1.5800785762517549
A,33,2004,98.5937,9,A:33,-1.3058367782253415
A,34,1982,183.043,7,A:34,-0.2686950827818849
A,34,1983,455.393,7,A:34,1.2651945188747409
A,34,1984,327.05100000000004,7,A:34,0.7075243080234928
A,34,1985,278.23,7,A:34,0.4353763584325683
A,34,1986,203.47400000000002,7,A:34,-0.09089569733760737
A,34,1987,136.796,7,A:34,-0.757472367906889
A,34,1988,28.333,7,A:34,-3.3703997116293003
A,34,1989,290.59999999999997,7,A:34,0.5085881018923707
A,34,1990,136.603,7,A:34,-0.7598396219399149
A,34,1991,293.697,7,A:34,0.5264314938999011
A,34,1992,159.597,7,A:34,-0.4988521219044389
A,34,1993,324.067,7,A:34,0.6920909641976869
A,34,1994,118.417,7,A:34,-0.9992519249720646
A,34,1995,316.13,7,A:34,0.6503406194585437
A,34,1996,214.826,7,A:34,0.0003617835045010866
A,34,1997,122.427,7,A:34,-0.9434683534646584
A,34,1998,224.6,7,A:34,0.0751675809572697
A,34,1999,185.27300000000002,7,A:34,-0.2483533717768043
A,34,2000,238.6,7,A:34,0.17685549445123994
A,34,2001,251.363,7,A:34,0.2645086656297611
A,34,2002,185.43,7,A:34,-0.2469304316273282
A,34,2003,88.933,7,A:34,-1.4781682489722496
A,34,2004,308.47,7,A:34,0.60904444151022
A,35,1982,121.392,2,A:35,-0.957690898332277
A,35,1983,199.262,2,A:35,-0.12605028838613233
A,35,1984,183.424,2,A:35,-0.2652022614077121
A,35,1985,115.124,2,A:35,-1.0464803385610604
A,35,1986,260.393,2,A:35,0.3238866451696576
A,35,1987,98.401,2,A:35,-1.3091078508370737
A,35,1988,44.667,2,A:35,-2.6227591589656427
A,35,1989,163.303,2,A:35,-0.46031987060014584
A,35,1990,279.113,2,A:35,0.44070888098589434
A,35,1991,129.833,2,A:35,-0.8450494831584959
A,35,1992,167.1,2,A:35,-0.4217325701405073
A,35,1993,213.997,2,A:35,-0.006138106839451598
A,35,1994,135.91400000000002,2,A:35,-0.7683177648651621
A,35,1995,191.43099999999998,2,A:35,-0.1934210547206679
A,35,1996,259.48,2,A:35,0.31797707034176365
A,35,1997,122.389,2,A:35,-0.9439884214671284
A,35,1998,158.933,2,A:35,-0.5058497339490414
A,35,1999,267.03000000000003,2,A:35,0.36623549401448996
A,35,2000,133.79999999999998,2,A:35,-0.794599351130284
A,35,2001,223.966,2,A:35,0.0704144369546486
A,35,2002,124.13300000000001,2,A:35,-0.92028349493232
A,35,2003,101.267,2,A:35,-1.2610993351395334
A,35,2004,149.65300000000002,2,A:35,-0.6068087790348093
A,36,1982,222.006,7,A:36,0.05563500246431248
A,36,1983,341.361,7,A:36,0.7796373254470014
A,36,1984,499.68800000000005,7,A:36,1.4216411531795692
A,36,1985,303.41,7,A:36,0.5812007564910463
A,36,1986,278.21,7,A:36,0.43525538129028585
A,36,1987,268.47,7,A:36,0.37528520910220803
A,36,1988,11.7,7,A:36,-4.784248567034326
A,36,1989,294.397,7,A:36,0.5304385635275786
A,36,1990,122.87,7,A:36,-0.9374172415274851
A,36,1991,364.83,7,A:36,0.8916205798672314
A,36,1992,247.869,7,A:36,0.24096137253650796
A,36,1993,251.299,7,A:36,0.264080285600866
A,36,1994,146.833,7,A:36,-0.6387232690003207
A,36,1995,309.966,7,A:36,0.6171893327581731
A,36,1996,316.803,7,A:36,0.6539210658134426
A,36,1997,62.81,7,A:36,-2.0577440157907176
A,36,1998,263.5,7,A:36,0.3438438061383372
A,36,1999,416.973,7,A:36,1.116671529064131
A,36,2000,231.137,7,A:36,0.12341141751674078
A,36,2001,254.47,7,A:36,0.28517557796789905
A,36,2002,320.0,7,A:36,0.6708266101534126
A,36,2003,172.17000000000002,7,A:36,-0.37154552288836384
A,36,2004,128.95669999999998,7,A:36,-0.8563999534270502
A,37,1982,87.25,3,A:37,-1.5100748549283758
A,37,1983,137.78300000000002,3,A:37,-0.7454178557809091
A,37,1984,332.371,3,A:37,0.7346944686433842
A,37,1985,240.07700000000003,3,A:37,0.18723504059932958
A,37,1986,135.934,3,A:37,-0.7680710642304048
A,37,1987,115.03200000000001,3,A:37,-1.0478189600168077
A,37,1988,41.8,3,A:37,-2.7322677888357845
A,37,1989,215.037,3,A:37,0.0020121725658554714
A,37,1990,77.94,3,A:37,-1.698369826997349
A,37,1991,214.463,3,A:37,-0.002481290667033394
A,37,1992,115.5,3,A:37,-1.0410204529007365
A,37,1993,268.366,3,A:37,0.37463324064434833
A,37,1994,128.564,3,A:37,-0.861511344060215
A,37,1995,155.672,3,A:37,-0.5406432430777457
A,37,1996,228.93,3,A:37,0.10727710270216427
A,37,1997,81.066,3,A:37,-1.6327777570820423
A,37,1998,125.546,3,A:37,-0.9013186371958255
A,37,1999,159.764,3,A:37,-0.4970967336663067
A,37,2000,108.453,3,A:37,-1.14640498547665
A,37,2001,157.58599999999998,3,A:37,-0.5201348800051977
A,37,2002,68.63300000000001,3,A:37,-1.9102492124115977
A,37,2003,38.334,3,A:37,-2.8748986231056244
A,37,2004,162.7963,3,A:37,-0.46553656972944646
A,38,1982,104.552,4,A:38,-1.2076999640327537
A,38,1983,83.467,4,A:38,-1.5840729538929157
A,38,1984,273.652,4,A:38,0.4074561747884414
A,38,1985,172.97899999999998,4,A:38,-0.363673556461284
A,38,1986,248.938,4,A:38,0.24820065753761147
A,38,1987,162.403,4,A:38,-0.46959690255033537
A,38,1988,71.766,4,A:38,-1.8359176279809912
A,38,1989,258.27,4,A:38,0.31011310662810637
A,38,1990,73.273,4,A:38,-1.8012961373231156
A,38,1991,189.83,4,A:38,-0.2075317714525479
A,38,1992,168.879,4,A:38,-0.4039522291209496
A,38,1993,248.73,4,A:38,0.24679450748642168
A,38,1994,85.257,4,A:38,-1.5486549393298696
A,38,1995,193.87,4,A:38,-0.1721485432217452
A,38,1996,207.03300000000002,4,A:38,-0.06175115193127612
A,38,1997,83.41,4,A:38,-1.5852130834661367
A,38,1998,188.603,4,A:38,-0.2184265330316139
A,38,1999,283.497,4,A:38,0.466937809635858
A,38,2000,145.29999999999998,4,A:38,-0.6563289236588818
A,38,2001,222.01999999999998,4,A:38,0.05574102976480683
A,38,2002,182.27,4,A:38,-0.27580383996000113
A,38,2003,58.667,4,A:38,-2.1711254020111985
A,38,2004,215.0034,4,A:38,0.0017494697289330138
A,39,1982,202.31300000000002,6,A:39,-0.1005129241938684
A,39,1983,288.894,6,A:39,0.49867784576302215
A,39,1984,410.076,6,A:39,1.0885693569423989
A,39,1985,295.5,6,A:39,0.5367333314112356
A,39,1986,185.351,6,A:39,-0.24764628351210202
A,39,1987,145.59699999999998,6,A:39,-0.6529036796237423
A,39,1988,9.367,6,A:39,-5.127064438306992
A,39,1989,332.16700000000003,6,A:39,0.7336606244069738
A,39,1990,65.624,6,A:39,-1.9848569415574382
A,39,1991,252.37,6,A:39,0.2712346924604944
A,39,1992,162.173,6,A:39,-0.47197589731567136
A,39,1993,208.797,6,A:39,-0.04749010575400959
A,39,1994,96.38,6,A:39,-1.3438013627746535
A,39,1995,273.03000000000003,6,A:39,0.4036268720555566
A,39,1996,182.89999999999998,6,A:39,-0.27000790330779945
A,39,1997,66.753,6,A:39,-1.956475852013747
A,39,1998,265.403,6,A:39,0.3559518870047423
A,39,1999,134.933,6,A:39,-0.7804628773014648
A,39,2000,236.0,6,A:39,0.15842769563455042
A,39,2001,295.063,6,A:39,0.5342421989019962
A,39,2002,256.5,6,A:39,0.29854326231565415
A,39,2003,86.366,6,A:39,-1.5270784868848235
A,39,2004,304.3633,6,A:39,0.5864816983574992
A,4,1982,113.297,2,A:4,-1.0732643385195495
A,4,1983,83.82,2,A:4,-1.577029242223259
A,4,1984,319.687,2,A:4,0.6691789373434464
A,4,1985,154.227,2,A:4,-0.5562929718803287
A,4,1986,165.304,2,A:4,-0.43987472578246506
A,4,1987,171.905,2,A:4,-0.3741321008635847
A,4,1988,50.2,2,A:4,-2.4296034051602513
A,4,1989,188.53400000000002,2,A:4,-0.21904128902320188
A,4,1990,81.209,2,A:4,-1.6298373022322143
A,4,1991,184.181,2,A:4,-0.2582838164031396
A,4,1992,117.932,2,A:4,-1.0061254393872372
A,4,1993,204.565,2,A:4,-0.08190795830619575
A,4,1994,120.499,2,A:4,-0.9700591259528909
A,4,1995,190.599,2,A:4,-0.20073932925627314
A,4,1996,214.703,2,A:4,-0.0006010362234674595
A,4,1997,114.687,2,A:4,-1.0528482608517287
A,4,1998,144.42000000000002,2,A:4,-0.6665187698476646
A,4,1999,173.333,2,A:4,-0.36024046938804055
A,4,2000,147.065,2,A:4,-0.6360747939374645
A,4,2001,201.786,2,A:4,-0.10489650264061556
A,4,2002,186.401,2,A:4,-0.23815649005361883
A,4,2003,162.634,2,A:4,-0.4672109324014947
A,4,2004,156.9299,2,A:4,-0.5271369262112683
A,40,1982,210.47899999999998,8,A:40,-0.034003227877476845
A,40,1983,479.457,8,A:40,1.3519792138183173
A,40,1984,432.09299999999996,8,A:40,1.176689884694435
A,40,1985,230.02300000000002,8,A:40,0.11528676441404086
A,40,1986,232.083,8,A:40,0.1302802543819302
A,40,1987,217.57,8,A:40,0.02169979329238203
A,40,1988,16.767,8,A:40,-4.217195135489622
A,40,1989,385.5,8,A:40,0.984451200251359
A,40,1990,108.2,8,A:40,-1.1503135304956267
A,40,1991,361.66700000000003,8,A:40,0.87695416393288
A,40,1992,275.363,8,A:40,0.4179452651736659
A,40,1993,271.312,8,A:40,0.39300478523637167
A,40,1994,105.756,8,A:40,-1.1885435318059392
A,40,1995,392.463,8,A:40,1.0146078974913857
A,40,1996,187.343,8,A:40,-0.22968792940200441
A,40,1997,112.28,8,A:40,-1.088359762652856
A,40,1998,346.264,8,A:40,0.8036536231218546
A,40,1999,209.31300000000002,8,A:40,-0.04334116966721272
A,40,2000,303.543,8,A:40,0.5819385209292475
A,40,2001,341.057,8,A:40,0.7781369427975094
A,40,2002,337.473,8,A:40,0.7603469986294055
A,40,2003,95.06700000000001,8,A:40,-1.3667289967720608
A,40,2004,502.4033,8,A:40,1.4307758790339913
A,41,1982,189.344,4,A:41,-0.2118386545021687
A,41,1983,215.618,4,A:41,0.0065482923087883185
A,41,1984,246.70600000000002,4,A:41,0.2330501153809861
A,41,1985,186.89300000000003,4,A:41,-0.23372812337402163
A,41,1986,304.512,4,A:41,0.5873039566380833
A,41,1987,175.893,4,A:41,-0.33561917717321677
A,41,1988,43.934,4,A:41,-2.65008857193691
A,41,1989,306.39700000000005,4,A:41,0.5976927849527418
A,41,1990,94.78999999999999,4,A:41,-1.3716059912687593
A,41,1991,262.87,4,A:41,0.33981614941923727
A,41,1992,186.813,4,A:41,-0.23444739297661868
A,41,1993,345.564,4,A:41,0.8002456496211934
A,41,1994,171.25,4,A:41,-0.38054238819040925
A,41,1995,323.466,4,A:41,0.6889654374541022
A,41,1996,210.637,4,A:41,-0.03274184334053171
A,41,1997,110.233,4,A:41,-1.1191588769974232
A,41,1998,166.4,4,A:41,-0.4287804093860884
A,41,1999,238.62,4,A:41,0.17699647036073154
A,41,2000,175.77,4,A:41,-0.33679398098331426
A,41,2001,358.17,4,A:41,0.8605894003884317
A,41,2002,321.137,4,A:41,0.6767984378083837
A,41,2003,128.46699999999998,4,A:41,-0.86277628385721
A,41,2004,346.173,4,A:41,0.8032109752439239
A,42,1982,153.875,6,A:42,-0.5601272898662957
A,42,1983,348.236,6,A:42,0.8132175620519898
A,42,1984,272.354,6,A:42,0.39945525281521593
A,42,1985,275.67,6,A:42,0.4198204203678171
A,42,1986,258.813,6,A:42,0.3136466711517612
A,42,1987,157.267,6,A:42,-0.5235356937744192
A,42,1988,28.3,6,A:42,-3.3723008849621845
A,42,1989,391.996,6,A:42,1.0126020833499894
A,42,1990,130.433,6,A:42,-0.8373216122369437
A,42,1991,288.23699999999997,6,A:42,0.49484573029015794
A,42,1992,265.201,6,A:42,0.354670746357434
A,42,1993,288.14,6,A:42,0.494279216392975
A,42,1994,155.00300000000001,6,A:42,-0.5478706659527965
A,42,1995,336.33,6,A:42,0.754633838810156
A,42,1996,194.879,6,A:42,-0.16342598051604862
A,42,1997,86.666,6,A:42,-1.5212888134425857
A,42,1998,142.803,6,A:42,-0.6854044035636102
A,42,1999,157.76,6,A:42,-0.5182827728600904
A,42,2000,224.594,6,A:42,0.07512266116092205
A,42,2001,332.046,6,A:42,0.7330471137428121
A,42,2002,405.033,6,A:42,1.0677213601106779
A,42,2003,127.997,6,A:42,-0.8689188256411966
A,42,2004,136.39669999999998,6,A:42,-0.7623736821716862
A,43,1982,82.493,2,A:43,-1.6036617525857024
A,43,1983,92.23299999999999,2,A:43,-1.4173034882998725
A,43,1984,471.758,2,A:43,1.3246955468449504
A,43,1985,252.807,2,A:43,0.27414522083769766
A,43,1986,244.274,2,A:43,0.21638579382176265
A,43,1987,171.13,2,A:43,-0.3817194335131588
A,43,1988,37.634,2,A:43,-2.9052265803501487
A,43,1989,203.43000000000004,2,A:43,-0.09125917787643628
A,43,1990,73.673,2,A:43,-1.7922245761236375
A,43,1991,255.267,2,A:43,0.29043649796733123
A,43,1992,100.1,2,A:43,-1.2804834058312302
A,43,1993,140.569,2,A:43,-0.7118486092028479
A,43,1994,108.751,2,A:43,-1.1418128160718783
A,43,1995,123.86599999999999,2,A:43,-0.9238911333159341
A,43,1996,187.73,2,A:43,-0.22622107561986915
A,43,1997,79.457,2,A:43,-1.6662207584902482
A,43,1998,180.767,2,A:43,-0.28971215092492386
A,43,1999,215.6,2,A:43,0.0064079411973117
A,43,2000,90.033,2,A:43,-1.457635320655797
A,43,2001,369.131,2,A:43,0.9113615926587634
A,43,2002,115.533,2,A:43,-1.0405421022594028
A,43,2003,190.466,2,A:43,-0.20191214295328253
A,43,2004,181.56660000000002,2,A:43,-0.2822986371030227
A,44,1982,142.362,7,A:44,-0.6905918935139517
A,44,1983,526.655,7,A:44,1.5102432633337528
A,44,1984,233.96,7,A:44,0.14382686633382985
A,44,1985,232.64300000000003,7,A:44,0.1343332495361656
A,44,1986,282.813,7,A:44,0.462872245117988
A,44,1987,121.46700000000001,7,A:44,-0.9566562445506126
A,44,1988,32.632999999999996,7,A:44,-3.1393589043531285
A,44,1989,240.167,7,A:44,0.1878654541294335
A,44,1990,128.29,7,A:44,-0.8650869173848883
A,44,1991,319.53,7,A:44,0.6683518631364951
A,44,1992,150.567,7,A:44,-0.596592937149991
A,44,1993,250.467,7,A:44,0.2585014352455927
A,44,1994,105.116,7,A:44,-1.1986992954743356
A,44,1995,351.733,7,A:44,0.8300455090525606
A,44,1996,201.447,7,A:44,-0.10772232488012504
A,44,1997,97.833,7,A:44,-1.3187866443308716
A,44,1998,269.53,7,A:44,0.38191595686190816
A,44,1999,498.611,7,A:44,1.4180042153229229
A,44,2000,280.064,7,A:44,0.4464332933834764
A,44,2001,187.897,7,A:44,-0.22472723830000152
A,44,2002,334.546,7,A:44,0.7456779091623053
A,44,2003,108.467,7,A:44,-1.1461889662331846
A,44,2004,294.93330000000003,7,A:44,0.533502132250607
A,45,1982,78.152,1,A:45,-1.6938400578280552
A,45,1983,92.568,1,A:45,-1.4112456745059476
A,45,1984,205.753,1,A:45,-0.07217521673739394
A,45,1985,270.732,1,A:45,0.3894036123052354
A,45,1986,175.695,1,A:45,-0.33751072602512583
A,45,1987,114.217,1,A:45,-1.0597239596803436
A,45,1988,29.400000000000002,1,A:45,-3.310054038734317
A,45,1989,279.199,1,A:45,0.44122734470985814
A,45,1990,51.727,1,A:45,-2.379967980087794
A,45,1991,261.2,1,A:45,0.3290929535756001
A,45,1992,110.0,1,A:45,-1.122700459596397
A,45,1993,137.29,1,A:45,-0.7514282507806609
A,45,1994,107.61700000000002,1,A:45,-1.1593547635396966
A,45,1995,137.77300000000002,1,A:45,-0.7455395582037286
A,45,1996,164.03300000000002,1,A:45,-0.45283241588153034
A,45,1997,63.223,1,A:45,-2.0468477050435543
A,45,1998,154.96699999999998,1,A:45,-0.5482604638695611
A,45,1999,174.991,1,A:45,-0.34425344189488155
A,45,2000,109.93299999999999,1,A:45,-1.1237202308749101
A,45,2001,162.12699999999998,1,A:45,-0.4724520986464595
A,45,2002,85.334,1,A:45,-1.547147907403585
A,45,2003,151.76600000000002,1,A:45,-0.583284648039458
A,45,2004,131.9789,1,A:45,-0.8175721537245291
A,46,1982,92.714,9,A:46,-1.4086123356391633
A,46,1983,87.821,9,A:46,-1.4991820426909925
A,46,1984,318.661,9,A:46,0.6637666416088802
A,46,1985,256.60200000000003,9,A:46,0.29921215552237806
A,46,1986,678.84,9,A:46,1.9382512269082697
A,46,1987,238.46200000000002,9,A:46,0.17588243983093443
A,46,1988,201.769,9,A:46,-0.1050380979952406
A,46,1989,183.404,9,A:46,-0.2653854320871977
A,46,1990,67.582,9,A:46,-1.9359357609525494
A,46,1991,195.496,9,A:46,-0.1581142744158567
A,46,1992,96.233,9,A:46,-1.3463528618417413
A,46,1993,167.765,9,A:46,-0.41506425428120164
A,46,1994,108.199,9,A:46,-1.1503289972503532
A,46,1995,200.769,9,A:46,-0.11338819278416566
A,46,1996,203.329,9,A:46,-0.0920938269171769
A,46,1997,102.0,9,A:46,-1.249036857271169
A,46,1998,115.767,9,A:46,-1.0371540421387213
A,46,1999,178.346,9,A:46,-0.3123590120592413
A,46,2000,175.834,9,A:46,-0.33618259897591884
A,46,2001,140.877,9,A:46,-0.7081780655041651
A,46,2002,90.7,9,A:46,-1.4453053903320963
A,46,2003,94.167,9,A:46,-1.3826265559636493
A,46,2004,126.52,9,A:46,-0.8883687979192434
A,47,1982,56.13,9,A:47,-2.244510341504522
A,47,1983,133.37,9,A:47,-0.7999956005440851
A,47,1984,307.604,9,A:47,0.6043115391472949
A,47,1985,269.798,9,A:47,0.38358829533891076
A,47,1986,339.916,9,A:47,0.7724936529426899
A,47,1987,248.105,9,A:47,0.24256223938559446
A,47,1988,62.9,9,A:47,-2.0553635194379685
A,47,1989,139.067,9,A:47,-0.7298636697713361
A,47,1990,97.685,9,A:47,-1.3213177190219632
A,47,1991,269.304,9,A:47,0.3805044131804734
A,47,1992,150.3,9,A:47,-0.5995708313378576
A,47,1993,165.47400000000002,9,A:47,-0.4381491096357719
A,47,1994,88.50700000000002,9,A:47,-1.4861876327635128
A,47,1995,235.293,9,A:47,0.15338178564126526
A,47,1996,158.01999999999998,9,A:47,-0.5155190357622056
A,47,1997,142.366,9,A:47,-0.6905447697762549
A,47,1998,152.1,9,A:47,-0.579596016462
A,47,1999,120.75,9,A:47,-0.9665735652064044
A,47,2000,232.054,9,A:47,0.1300701020247431
A,47,2001,146.6,9,A:47,-0.6413873464747825
A,47,2002,146.743,9,A:47,-0.6397518137680885
A,47,2003,58.267,9,A:47,-2.182486111317351
A,47,2004,122.1737,9,A:47,-0.9469380451187424
A,48,1982,163.79299999999998,7,A:48,-0.4552903841641113
A,48,1983,331.224,7,A:48,0.7288733876644634
A,48,1984,358.693,7,A:48,0.863046968020908
A,48,1985,304.753,7,A:48,0.5886357516363775
A,48,1986,320.113,7,A:48,0.6714210622037934
A,48,1987,203.593,7,A:48,-0.08991303938813608
A,48,1988,11.733,7,A:48,-4.779865617841791
A,48,1989,369.137,7,A:48,0.9113889713143214
A,48,1990,124.64699999999999,7,A:48,-0.913360075015806
A,48,1991,204.07,7,A:48,-0.0859798788043347
A,48,1992,252.89999999999998,7,A:48,0.274763977155202
A,48,1993,260.4,7,A:48,0.3239318742877949
A,48,1994,145.73000000000002,7,A:48,-0.6513720651062224
A,48,1995,427.9,7,A:48,1.1602584913296812
A,48,1996,172.52,7,A:48,-0.36813534745922755
A,48,1997,96.5,7,A:48,-1.341721360193196
A,48,1998,280.13,7,A:48,0.44682985216841203
A,48,1999,574.6099999999999,7,A:48,1.657162150918024
A,48,2000,217.466,7,A:48,0.020895960019543528
A,48,2001,439.603,7,A:48,1.2057261081478672
A,48,2002,523.17,7,A:48,1.4990511853740178
A,48,2003,152.07,7,A:48,-0.5799270015790428
A,48,2004,294.6667,7,A:48,0.531979896725243
A,49,1982,182.73,5,A:49,-0.2715699278461718
A,49,1983,238.673,5,A:49,0.17736999962215147
A,49,1984,350.231,5,A:49,0.8228382524390931
A,49,1985,168.63,5,A:49,-0.4064296396413826
A,49,1986,157.62800000000001,5,A:49,-0.5196876336699983
A,49,1987,143.877,5,A:49,-0.6728371773536038
A,49,1988,26.833,5,A:49,-3.45905466364348
A,49,1989,176.064,5,A:49,-0.3339872698827429
A,49,1990,88.249,5,A:49,-1.491063021207077
A,49,1991,294.997,5,A:49,0.5338656442125451
A,49,1992,114.19999999999999,5,A:49,-1.059973180458824
A,49,1993,223.23000000000002,5,A:49,0.0648797614096704
A,49,1994,128.3,5,A:49,-0.8649562888313074
A,49,1995,219.36700000000002,5,A:49,0.03552902828478543
A,49,1996,200.263,5,A:49,-0.11762912234638966
A,49,1997,104.527,5,A:49,-1.2081000421766184
A,49,1998,235.60000000000002,5,A:49,0.15557471880299617
A,49,1999,291.813,5,A:49,0.5155992864679596
A,49,2000,91.666,5,A:49,-1.4276063340071203
A,49,2001,281.17,5,A:49,0.45306639523178527
A,49,2002,123.997,5,A:49,-0.9221201305912129
A,49,2003,129.304,5,A:49,-0.8518923438645766
A,49,2004,288.99699999999996,5,A:49,0.499277831193889
A,5,1982,436.52299999999997,9,A:5,1.1938780956050734
A,5,1983,91.807,9,A:5,-1.4250383734809562
A,5,1984,243.63700000000003,9,A:5,0.2119936927031526
A,5,1985,175.23499999999999,9,A:5,-0.34191342857789314
A,5,1986,136.69,9,A:5,-0.7587721070471655
A,5,1987,146.666,9,A:5,-0.6406322884178893
A,5,1988,51.132999999999996,9,A:5,-2.3991030952788823
A,5,1989,190.47000000000003,9,A:5,-0.20187685847999767
A,5,1990,77.086,9,A:5,-1.7167411498231835
A,5,1991,145.042,9,A:5,-0.6593100367309708
A,5,1992,175.348,9,A:5,-0.3408308312928436
A,5,1993,188.291,9,A:5,-0.22120808262859798
A,5,1994,110.102,9,A:5,-1.1211491532223476
A,5,1995,134.471,9,A:5,-0.7862129852106133
A,5,1996,201.287,9,A:5,-0.10905769040565962
A,5,1997,56.699000000000005,9,A:5,-2.227771936102288
A,5,1998,112.23299999999999,9,A:5,-1.0890606602580721
A,5,1999,132.156,9,A:5,-0.815324307285943
A,5,2000,119.79899999999999,9,A:5,-0.9798179898899625
A,5,2001,193.297,9,A:5,-0.17712211938888692
A,5,2002,145.84,9,A:5,-0.6501063648249313
A,5,2003,123.19999999999999,9,A:5,-0.9329236893038878
A,5,2004,172.57,9,A:5,-0.3676487411339628
A,50,1982,162.427,1,A:50,-0.46934885258394804
A,50,1983,117.893,1,A:50,-1.006679372018498
A,50,1984,199.54999999999998,1,A:50,-0.123623110028575
A,50,1985,58.86,1,A:50,-2.165671070744588
A,50,1986,274.257,1,A:50,0.4111725073136113
A,50,1987,114.266,1,A:50,-1.0590058231279893
A,50,1988,32.134,1,A:50,-3.1646051389276195
A,50,1989,184.866,1,A:50,-0.2520477320041728
A,50,1990,77.337,1,A:50,-1.7113208497854706
A,50,1991,201.034,1,A:50,-0.11117139418106833
A,50,1992,102.158,1,A:50,-1.2464480076537767
A,50,1993,143.252,1,A:50,-0.6801391278385519
A,50,1994,100.067,1,A:50,-1.2810347890206069
A,50,1995,225.403,1,A:50,0.08116859342219315
A,50,1996,172.499,1,A:50,-0.36833976392967765
A,50,1997,96.92,1,A:50,-1.3344614575942433
A,50,1998,97.503,1,A:50,-1.324435466044449
A,50,1999,136.803,1,A:50,-0.7573865712735108
A,50,2000,101.214,1,A:50,-1.2619748686295549
A,50,2001,178.034,1,A:50,-0.3152997801853955
A,50,2002,125.767,1,A:50,-0.8983716058885168
A,50,2003,69.434,1,A:50,-1.8909316969936723
A,50,2004,118.4339,1,A:50,-0.9990129184967707
A,51,1982,209.566,6,A:51,-0.041310622133186536
A,51,1983,263.863,6,A:51,0.34616014959078706
A,51,1984,382.373,6,A:51,0.9707309818501533
A,51,1985,175.98999999999998,6,A:51,-0.3346932818534487
A,51,1986,317.79,6,A:51,0.6591583421075857
A,51,1987,222.7,6,A:51,0.060882930585390765
A,51,1988,14.4,6,A:51,-4.458674958291457
A,51,1989,303.33700000000005,6,A:51,0.5807956810885339
A,51,1990,103.097,6,A:51,-1.2311437104415732
A,51,1991,226.60299999999998,6,A:51,0.09009692907848695
A,51,1992,130.836,6,A:51,-0.8321508388427657
A,51,1993,246.03,6,A:51,0.22843456711590515
A,51,1994,110.515,6,A:51,-1.1148824075757024
A,51,1995,258.402,6,A:51,0.3109727750633662
A,51,1996,128.833,6,A:51,-0.8580083666988366
A,51,1997,81.413,6,A:51,-1.6256513683906624
A,51,1998,246.077,6,A:51,0.22875587893186916
A,51,1999,510.067,6,A:51,1.4562945037104575
A,51,2000,163.767,6,A:51,-0.45555687893920954
A,51,2001,155.709,6,A:51,-0.5402444212605363
A,51,2002,176.797,6,A:51,-0.3270098290214332
A,51,2003,66.723,6,A:51,-1.9572238643156845
A,51,2004,219.1166,6,A:51,0.03360879288452078
A,52,1982,199.947,8,A:52,-0.12028301988618056
A,52,1983,419.09999999999997,8,A:52,1.1252445999964615
A,52,1984,736.917,8,A:52,2.076701978483729
A,52,1985,278.323,8,A:52,0.43593878834178135
A,52,1986,244.003,8,A:52,0.21451865048515606
A,52,1987,216.20299999999997,8,A:52,0.011103365946323865
A,52,1988,38.333,8,A:52,-2.8749415626325616
A,52,1989,364.003,8,A:52,0.8877981688016185
A,52,1990,199.47,8,A:52,-0.1242969764312811
A,52,1991,204.37,8,A:52,-0.08351087648956995
A,52,1992,266.863,8,A:52,0.36518283371275956
A,52,1993,284.01,8,A:52,0.46998057357083056
A,52,1994,276.452,8,A:52,0.4245874899628542
A,52,1995,238.69600000000003,8,A:52,0.1775320715263891
A,52,1996,188.833,8,A:52,-0.21637896094781664
A,52,1997,88.16799999999999,8,A:52,-1.492596573748548
A,52,1998,1026.53,8,A:52,2.635886503317815
A,52,1999,443.703,8,A:52,1.221369949319725
A,52,2000,159.23,8,A:52,-0.502716193702081
A,52,2001,248.684,8,A:52,0.24648337385050864
A,52,2002,281.741,8,A:52,0.45648072974976306
A,52,2003,45.566,8,A:52,-2.589833312039765
A,52,2004,263.9799,8,A:52,0.3469054257746847
A,53,1982,117.255,1,A:53,-1.0157670327270083
A,53,1983,121.033,1,A:53,-0.962652238227021
A,53,1984,341.746,1,A:53,0.7815355702270994
A,53,1985,477.714,1,A:53,1.3458408635097383
A,53,1986,224.046,1,A:53,0.07101494072804866
A,53,1987,89.052,1,A:53,-1.4759348795989673
A,53,1988,26.633000000000003,1,A:53,-3.471234876405395
A,53,1989,102.333,1,A:53,-1.243585234939882
A,53,1990,71.563,1,A:53,-1.8406360184628952
A,53,1991,192.457,1,A:53,-0.18443980122219347
A,53,1992,130.909,1,A:53,-0.8312158886402283
A,53,1993,183.25799999999998,1,A:53,-0.26672318020207036
A,53,1994,106.21900000000001,1,A:53,-1.1812343548261908
A,53,1995,191.80299999999997,1,A:53,-0.19015917225107576
A,53,1996,128.663,1,A:53,-0.8602212991612316
A,53,1997,86.617,1,A:53,-1.522233105067068
A,53,1998,148.566,1,A:53,-0.6190392480527963
A,53,1999,195.86100000000002,1,A:53,-0.15497986336376712
A,53,2000,104.867,1,A:53,-1.2026670825346555
A,53,2001,338.19599999999997,1,A:53,0.7639508816593017
A,53,2002,118.633,1,A:53,-0.9961997110758651
A,53,2003,105.866,1,A:53,-1.1868041433205303
A,53,2004,122.9803,1,A:53,-0.9359139751771303
A,54,1982,148.993,1,A:54,-0.6142242552643891
A,54,1983,112.767,1,A:54,-1.0811143403546442
A,54,1984,179.66,1,A:54,-0.30002974105202096
A,54,1985,124.226,1,A:54,-0.9190287091062557
A,54,1986,270.917,1,A:54,0.3905530964773982
A,54,1987,113.36699999999999,1,A:54,-1.0722302681326004
A,54,1988,27.0,1,A:54,-3.448951051960514
A,54,1989,255.85999999999999,1,A:54,0.29434022878759036
A,54,1990,71.314,1,A:54,-1.8464416594256503
A,54,1991,211.427,1,A:54,-0.026449012867508795
A,54,1992,78.1,1,A:54,-1.694950009311261
A,54,1993,134.87,1,A:54,-0.7812458311357791
A,54,1994,117.33999999999999,1,A:54,-1.0145534672145995
A,54,1995,112.699,1,A:54,-1.0821241564277573
A,54,1996,218.29700000000003,1,A:54,0.027308237943338795
A,54,1997,92.007,1,A:54,-1.421402560173219
A,54,1998,125.20700000000001,1,A:54,-0.9058492138580454
A,54,1999,196.38,1,A:54,-0.1505329807539357
A,54,2000,129.169,1,A:54,-0.8536430809818807
A,54,2001,194.64299999999997,1,A:54,-0.1654621115768169
A,54,2002,93.1,1,A:54,-1.401669933000003
A,54,2003,70.267,1,A:54,-1.8710740890014583
A,54,2004,56.67,1,A:54,-2.2286210358713645
A,6,1982,187.214,8,A:6,-0.2308451305236866
A,6,1983,415.82,8,A:6,1.1120060029060583
A,6,1984,270.83,8,A:6,0.39001262568842104
A,6,1985,343.734,8,A:6,0.7913036088079207
A,6,1986,200.4,8,A:6,-0.11647983479399293
A,6,1987,247.96699999999998,8,A:6,0.24162632351088711
A,6,1988,44.9,8,A:6,-2.614163726811687
A,6,1989,408.37,8,A:6,1.0815454379407625
A,6,1990,127.85300000000001,8,A:6,-0.8708052754095899
A,6,1991,389.57,8,A:6,1.0021436545262026
A,6,1992,329.406,8,A:6,0.7196056502932899
A,6,1993,224.968,8,A:6,0.07792038058177102
A,6,1994,157.50300000000001,8,A:6,-0.5210190723894418
A,6,1995,293.36699999999996,8,A:6,0.5245391444112543
A,6,1996,390.763,8,A:6,1.0072947425868566
A,6,1997,21.1,8,A:6,-3.848604869266152
A,6,1998,479.451,8,A:6,1.3519581217443692
A,6,1999,511.967,8,A:6,1.4625619347908583
A,6,2000,251.13400000000001,8,A:6,0.2629753669275017
A,6,2001,241.863,8,A:6,0.19970146047579554
A,6,2002,208.83700000000002,8,A:6,-0.04716811813855588
A,6,2003,197.734,8,A:6,-0.13898649011813452
A,6,2004,312.93330000000003,8,A:6,0.6332293387627942
A,7,1982,321.84700000000004,7,A:7,0.6805168662378345
A,7,1983,399.488,7,A:7,1.0444970641413565
A,7,1984,431.494,7,A:7,1.174352307237244
A,7,1985,356.28299999999996,7,A:7,0.8516925754964739
A,7,1986,157.027,7,A:7,-0.5260988213053719
A,7,1987,274.337,7,A:7,0.4116633116142943
A,7,1988,10.033,7,A:7,-5.02190444003809
A,7,1989,397.19699999999995,7,A:7,1.0348075813392679
A,7,1990,91.37700000000001,7,A:7,-1.4328819767600298
A,7,1991,226.89700000000002,7,A:7,0.09227719192134982
A,7,1992,282.703,7,A:7,0.4622175118261654
A,7,1993,134.667,7,A:7,-0.7837711542118861
A,7,1994,103.16600000000001,7,A:7,-1.2300245642257892
A,7,1995,206.26999999999998,7,A:7,-0.0679571237947095
A,7,1996,280.23,7,A:7,0.447430521455161
A,7,1997,74.734,7,A:7,-1.7683956548300195
A,7,1998,332.69,7,A:7,0.7363098497903743
A,7,1999,240.166,7,A:7,0.1878584508272231
A,7,2000,149.93300000000002,7,A:7,-0.6036726290608152
A,7,2001,144.83700000000002,7,A:7,-0.6616825078089225
A,7,2002,238.667,7,A:7,0.17732771743707704
A,7,2003,72.667,7,A:7,-1.8151330526342122
A,7,2004,184.6,7,A:7,-0.25446660176658814
A,8,1982,129.335,4,A:8,-0.8514905788285687
A,8,1983,157.233,4,A:8,-0.5238985671028992
A,8,1984,283.437,4,A:8,0.46658157248590204
A,8,1985,141.891,4,A:8,-0.6961499261957973
A,8,1986,133.203,4,A:8,-0.8020960102707433
A,8,1987,132.29999999999998,4,A:8,-0.8134987861133426
A,8,1988,25.867,4,A:8,-3.518714876510851
A,8,1989,234.163,4,A:8,0.14528546029112535
A,8,1990,72.794,4,A:8,-1.812223833082816
A,8,1991,207.056,4,A:8,-0.061564431670268274
A,8,1992,169.067,4,A:8,-0.40208413909303703
A,8,1993,189.334,4,A:8,-0.21192738891198895
A,8,1994,145.901,4,A:8,-0.6494048851110039
A,8,1995,213.63,4,A:8,-0.009023629219155189
A,8,1996,193.96699999999998,4,A:8,-0.17130804164800684
A,8,1997,87.35000000000001,4,A:8,-1.5081621006099213
A,8,1998,201.167,4,A:8,-0.11005990787349781
A,8,1999,330.75,4,A:8,0.7264619436368743
A,8,2000,189.06300000000002,4,A:8,-0.21433386818306563
A,8,2001,410.32300000000004,4,A:8,1.089583885407451
A,8,2002,170.92999999999998,4,A:8,-0.38368300041766773
A,8,2003,101.13300000000001,4,A:8,-1.2633138255964982
A,8,2004,338.9629,4,A:8,0.7677652038108487
A,9,1982,199.208,6,A:9,-0.12650577290291198
A,9,1983,476.867,6,A:9,1.342849896537813
A,9,1984,264.771,6,A:9,0.3519403253287988
A,9,1985,230.543,6,A:9,0.11908410597809252
A,9,1986,150.83700000000002,6,A:9,-0.5935869133091636
A,9,1987,182.143,6,A:9,-0.2769746399462983
A,9,1988,28.700000000000003,6,A:9,-3.3493993560072113
A,9,1989,269.667,6,A:9,0.38277105318679333
A,9,1990,125.237,6,A:9,-0.9054477873498388
A,9,1991,205.57,6,A:9,-0.07367080273055991
A,9,1992,227.037,6,A:9,0.09331442393741526
A,9,1993,218.70000000000002,6,A:9,0.030409178632777596
A,9,1994,150.47,6,A:9,-0.5976741866885957
A,9,1995,209.837,6,A:9,-0.03913831328249919
A,9,1996,138.686,6,A:9,-0.7344641199910301
A,9,1997,118.136,6,A:9,-1.0032309024616746
A,9,1998,153.004,6,A:9,-0.5696526360312236
A,9,1999,346.533,6,A:9,0.8049614317886786
A,9,2000,233.403,6,A:9,0.1398182324608149
A,9,2001,187.363,6,A:9,-0.22950858934537893
A,9,2002,265.603,6,A:9,0.35721938640395895
A,9,2003,122.24,6,A:9,-0.9460291818897606
A,9,2004,335.796,6,A:9,0.7519580605906754
B,1,1982,93.982,1,B:1,-1.3859130107636626
B,1,1983,135.637,1,B:1,-0.7717382795144
B,1,1984,185.40699999999998,1,B:1,-0.24713881289501868
B,1,1985,452.339,1,B:1,1.2538546760056695
B,1,1986,176.74699999999999,1,B:1,-0.32748486499273793
B,1,1987,513.373,1,B:1,1.4671849065230111
B,1,1988,120.033,1,B:1,-0.9765494629465392
B,1,1989,135.801,1,B:1,-0.7697123008137616
B,1,1990,178.076,1,B:1,-0.31490360917985033
B,1,1991,138.754,1,B:1,-0.7336421230665452
B,1,1992,173.32,1,B:1,-0.36036641985733137
B,1,1993,229.7,1,B:1,0.11292372520180495
B,1,1994,167.03300000000002,1,B:1,-0.4224058777160085
B,1,1995,143.703,1,B:1,-0.6748668714136498
B,1,1996,122.902,1,B:1,-0.9369809793142722
B,1,1997,102.544,1,B:1,-1.2401399889162301
B,1,1998,78.174,1,B:1,-1.6933706824676202
B,1,1999,134.743,1,B:1,-0.7828252708145279
B,1,2000,110.632,1,B:1,-1.1131113010102405
B,1,2001,115.973,1,B:1,-1.0341770057913875
B,1,2002,145.40900000000002,1,B:1,-0.6550710405482055
B,1,2003,107.404,1,B:1,-1.1626701016546657
B,1,2004,60.0459,1,B:1,-2.132537797151837
B,10,1982,65.723,2,B:10,-1.9823490897556528
B,10,1983,79.10900000000001,2,B:10,-1.6735418558019335
B,10,1984,186.881,2,B:10,-0.2338359942889824
B,10,1985,697.819,2,B:10,1.98475559485937
B,10,1986,492.689,2,B:10,1.3978649808953476
B,10,1987,394.871,2,B:10,1.0249128706213368
B,10,1988,104.69999999999999,2,B:10,-1.2053334406433185
B,10,1989,134.034,2,B:10,-0.7916700154674755
B,10,1990,166.047,2,B:10,-0.4323457202782826
B,10,1991,122.907,2,B:10,-0.9369128235215889
B,10,1992,167.64399999999998,2,B:10,-0.4162756291797063
B,10,1993,305.504,2,B:10,0.5927791457013846
B,10,1994,149.299,2,B:10,-0.6107821221740287
B,10,1995,206.006,2,B:10,-0.07010972736037428
B,10,1996,126.137,2,B:10,-0.8934491443365905
B,10,1997,121.44,2,B:10,-0.9570286468993987
B,10,1998,85.7,2,B:10,-1.5400029420100496
B,10,1999,160.799,2,B:10,-0.4862580351933236
B,10,2000,167.8,2,B:10,-0.4147140185274614
B,10,2001,90.435,2,B:10,-1.450193316848574
B,10,2002,210.2,2,B:10,-0.03623291250199792
B,10,2003,109.53399999999999,2,B:10,-1.1298059819828443
B,10,2004,92.5343,2,B:10,-1.411854090501493
B,11,1982,66.845,1,B:11,-1.9541840111746633
B,11,1983,98.207,1,B:11,-1.3124074028133272
B,11,1984,117.584,1,B:11,-1.0110746567515776
B,11,1985,651.184,1,B:11,1.8681073805221542
B,11,1986,185.503,1,B:11,-0.24626921784892702
B,11,1987,292.52099999999996,1,B:11,0.5196781411620869
B,11,1988,101.10000000000001,1,B:11,-1.2638596310502037
B,11,1989,136.202,1,B:11,-0.7647687476520661
B,11,1990,95.004,1,B:11,-1.3678369683286689
B,11,1991,126.286,1,B:11,-0.8914709006299342
B,11,1992,152.17000000000002,1,B:11,-0.5788239700072627
B,11,1993,129.104,1,B:11,-0.854486676165832
B,11,1994,261.591,1,B:11,0.33160970488544744
B,11,1995,184.0,1,B:11,-0.2599354523602878
B,11,1996,102.45299999999999,1,B:11,-1.2416249915126452
B,11,1997,117.346,1,B:11,-1.0144678367058384
B,11,1998,100.279,1,B:11,-1.277495702009827
B,11,1999,149.441,1,B:11,-0.6091871723491749
B,11,2000,126.06700000000001,1,B:11,-0.894379321161313
B,11,2001,147.27,1,B:11,-0.6337379978034852
B,11,2002,133.459,1,B:11,-0.7988772865746089
B,11,2003,70.722,1,B:11,-1.8603252866407058
B,11,2004,76.4336,1,B:11,-1.7309115205785583
B,12,1982,132.768,9,B:12,-0.8075794324642587
B,12,1983,115.029,9,B:12,-1.0478626285836792
B,12,1984,188.871,9,B:12,-0.21604090524255018
B,12,1985,289.497,9,B:12,0.5021873570466246
B,12,1986,229.603,9,B:12,0.11221343584737108
B,12,1987,335.586,9,B:12,0.7509046258185523
B,12,1988,130.001,9,B:12,-0.8428821127235789
B,12,1989,101.633,9,B:12,-1.2550655556714598
B,12,1990,91.874,9,B:12,-1.4238195040107295
B,12,1991,117.282,9,B:12,-1.0153814527033307
B,12,1992,180.10299999999998,9,B:12,-0.2958932733202846
B,12,1993,174.768,9,B:12,-0.34639489982655836
B,12,1994,295.334,9,B:12,0.5357874758096605
B,12,1995,103.891,9,B:12,-1.2183100339889081
B,12,1996,102.367,9,B:12,-1.2430296016111073
B,12,1997,81.366,9,B:12,-1.6266148553718751
B,12,1998,126.567,9,B:12,-0.8877464125418298
B,12,1999,78.764,9,B:12,-1.6808313012244929
B,12,2000,74.733,9,B:12,-1.768417956214251
B,12,2001,99.866,9,B:12,-1.2843971067253475
B,12,2002,110.307,9,B:12,-1.1180356345787594
B,12,2003,208.326,9,B:12,-0.051286134039803
B,12,2004,54.6669,9,B:12,-2.2883281899161747
B,13,1982,139.307,2,B:13,-0.7269721680568565
B,13,1983,106.1,2,B:13,-1.1831099373428455
B,13,1984,393.384,2,B:13,1.0185567215715312
B,13,1985,418.667,2,B:13,1.1235028774472073
B,13,1986,314.637,2,B:13,0.6423704668739227
B,13,1987,256.367,2,B:13,0.29767067993848567
B,13,1988,81.134,2,B:13,-1.6313788604366368
B,13,1989,167.933,2,B:13,-0.41338378463259134
B,13,1990,125.44800000000001,2,B:13,-0.902627113070993
B,13,1991,248.337,2,B:13,0.2441344952752589
B,13,1992,145.37,2,B:13,-0.6555210011930193
B,13,1993,144.14499999999998,2,B:13,-0.6697157457836204
B,13,1994,176.16,2,B:13,-0.3330718020166082
B,13,1995,130.414,2,B:13,-0.8375657868010578
B,13,1996,140.277,2,B:13,-0.7153358569980969
B,13,1997,143.634,2,B:13,-0.6756724259892067
B,13,1998,119.001,2,B:13,-0.991012313115501
B,13,1999,144.591,2,B:13,-0.6645338791378398
B,13,2000,151.367,2,B:13,-0.5877017132227345
B,13,2001,123.733,2,B:13,-0.92569107603731
B,13,2002,154.599,2,B:13,-0.5522502333685123
B,13,2003,158.167,2,B:13,-0.5139584602866681
B,13,2004,63.3498,2,B:13,-2.0435163560155267
B,14,1982,164.614,4,B:14,-0.4468968540056744
B,14,1983,270.89300000000003,4,B:14,0.39040401836110655
B,14,1984,398.28000000000003,4,B:14,1.0393949157537061
B,14,1985,298.603,4,B:14,0.5543171921191424
B,14,1986,254.83599999999998,4,B:14,0.2875935435487455
B,14,1987,388.004,4,B:14,0.9953581078920162
B,14,1988,176.567,4,B:14,-0.3291961016166196
B,14,1989,324.736,4,B:14,0.6955633387795708
B,14,1990,197.61,4,B:14,-0.1400406461152097
B,14,1991,257.81,4,B:14,0.3071138684015939
B,14,1992,154.067,4,B:14,-0.5580347646650992
B,14,1993,270.068,4,B:14,0.3852714411574837
B,14,1994,161.386,4,B:14,-0.4801416404888823
B,14,1995,196.861,4,B:14,-0.14642211641228683
B,14,1996,229.12400000000002,4,B:14,0.10870153820174026
B,14,1997,351.17,4,B:14,0.8273475896448113
B,14,1998,332.87,4,B:14,0.7372206687317411
B,14,1999,402.651,4,B:14,1.057783856563932
B,14,2000,141.933,4,B:14,-0.6956535620025658
B,14,2001,150.5,4,B:14,-0.5973397056730113
B,14,2002,179.39600000000002,4,B:14,-0.3024996405495474
B,14,2003,114.60000000000001,4,B:14,-1.0541188873091032
B,14,2004,167.1234,4,B:14,-0.4214974781860596
B,15,1982,451.96,7,B:15,1.2524420812861579
B,15,1983,681.903,7,B:15,1.9458437061336935
B,15,1984,353.733,7,B:15,0.8395948945044435
B,15,1985,297.577,7,B:15,0.5485233621985243
B,15,1986,237.489,7,B:15,0.1690057425038685
B,15,1987,419.453,7,B:15,1.1266631984183009
B,15,1988,191.833,7,B:15,-0.18989639151181584
B,15,1989,225.397,7,B:15,0.08112383294826875
B,15,1990,286.06,7,B:15,0.4820853393514856
B,15,1991,447.493,7,B:15,1.2357032064160351
B,15,1992,355.2,7,B:15,0.8465652014069723
B,15,1993,353.637,7,B:15,0.8391377555170976
B,15,1994,216.967,7,B:15,0.017033775690176004
B,15,1995,455.902,7,B:15,1.2670771125324118
B,15,1996,347.167,7,B:15,0.8080397762763829
B,15,1997,129.467,7,B:15,-0.8497809064522026
B,15,1998,217.1,7,B:15,0.01806403910089737
B,15,1999,212.46300000000002,7,B:15,-0.01823201804833421
B,15,2000,195.933,7,B:15,-0.15436225488365843
B,15,2001,253.56300000000002,7,B:15,0.2791685547266137
B,15,2002,403.997,7,B:15,1.0634064384378328
B,15,2003,195.63299999999998,7,B:15,-0.15693711482043893
B,15,2004,285.6833,7,B:15,0.47986751116028364
B,16,1982,315.076,6,B:16,0.6447179075181845
B,16,1983,580.553,6,B:16,1.6745107677033697
B,16,1984,256.679,6,B:16,0.29971692890208346
B,16,1985,395.094,6,B:16,1.0258640200024123
B,16,1986,536.271,6,B:16,1.5407458501733549
B,16,1987,361.83,6,B:16,0.8777130941324786
B,16,1988,237.79700000000003,6,B:16,0.17118556898976747
B,16,1989,416.863,6,B:16,1.1162269781996856
B,16,1990,212.86,6,B:16,-0.015093792114627544
B,16,1991,263.13,6,B:16,0.3414795211048062
B,16,1992,209.203,6,B:16,-0.044224778430409416
B,16,1993,311.76,6,B:16,0.626905156607676
B,16,1994,164.67000000000002,6,B:16,-0.446325852289135
B,16,1995,314.76,6,B:16,0.6430285071059716
B,16,1996,303.194,6,B:16,0.5800018955503479
B,16,1997,343.297,6,B:16,0.7891612481835327
B,16,1998,243.903,6,B:16,0.2138291460062834
B,16,1999,159.99,6,B:16,-0.4947240797241113
B,16,2000,219.133,6,B:16,0.03373462593417461
B,16,2001,99.30000000000001,6,B:16,-1.2939012470686624
B,16,2002,260.97,6,B:16,0.3276107578835658
B,16,2003,97.366,6,B:16,-1.3267861440615891
B,16,2004,116.84,6,B:16,-1.0217046417674365
B,17,1982,39.894000000000005,1,B:17,-2.8092080244292137
B,17,1983,116.567,1,B:17,-1.025622000220455
B,17,1984,183.742,1,B:17,-0.26229251342694404
B,17,1985,320.649,1,B:17,0.6742379175218046
B,17,1986,169.731,1,B:17,-0.3955026913780403
B,17,1987,360.9,1,B:17,0.8733784166303304
B,17,1988,99.00000000000001,1,B:17,-1.298960547554762
B,17,1989,132.967,1,B:17,-0.8050687149521911
B,17,1990,153.066,1,B:17,-0.5689728188588926
B,17,1991,147.167,1,B:17,-0.6349116912419999
B,17,1992,156.554,1,B:17,-0.5311617342736851
B,17,1993,178.76,1,B:17,-0.30846472720067836
B,17,1994,256.934,1,B:17,0.30138750476109527
B,17,1995,274.334,1,B:17,0.41164490902673123
B,17,1996,98.304,1,B:17,-1.310756821075703
B,17,1997,85.3,1,B:17,-1.5478131842870904
B,17,1998,147.17,1,B:17,-0.6348774944616571
B,17,1999,161.833,1,B:17,-0.4754988217300223
B,17,2000,154.26500000000001,1,B:17,-0.5558795599285722
B,17,2001,113.87599999999999,1,B:17,-1.0647300782814881
B,17,2002,171.764,1,B:17,-0.37550997182491114
B,17,2003,123.273,1,B:17,-0.9319312738625083
B,17,2004,89.4163,1,B:17,-1.4691160682109543
B,18,1982,420.72,7,B:18,1.1317450909031233
B,18,1983,531.59,7,B:18,1.5259662086624703
B,18,1984,270.58,7,B:18,0.38845858545928
B,18,1985,240.147,7,B:18,0.18772538256745183
B,18,1986,434.937,7,B:18,1.1877445657586538
B,18,1987,338.803,7,B:18,0.7669706214111683
B,18,1988,98.433,7,B:18,-1.3085642136250042
B,18,1989,397.83000000000004,7,B:18,1.0374903338596193
B,18,1990,406.387,7,B:18,1.0733441785840396
B,18,1991,298.947,7,B:18,0.5562553222213785
B,18,1992,248.816,7,B:18,0.24737603840988082
B,18,1993,395.563,7,B:18,1.0278626731787874
B,18,1994,287.069,7,B:18,0.48801153778011225
B,18,1995,492.26,7,B:18,1.396396688828985
B,18,1996,312.133,7,B:18,0.6289182254766978
B,18,1997,203.703,7,B:18,-0.08900520832422286
B,18,1998,254.064,7,B:18,0.28248929784191146
B,18,1999,348.19,7,B:18,0.8129950839463197
B,18,2000,181.037,7,B:18,-0.2872051977740626
B,18,2001,202.533,7,B:18,-0.09868632813341531
B,18,2002,352.997,7,B:18,0.8360869961721874
B,18,2003,104.80000000000001,7,B:18,-1.203736313448486
B,18,2004,183.1667,7,B:18,-0.26756026969712804
B,19,1982,414.87399999999997,6,B:19,1.1081684380181132
B,19,1983,222.563,6,B:19,0.05984824725516396
B,19,1984,225.08599999999998,6,B:19,0.07880212261560915
B,19,1985,301.458,6,B:19,0.5703355766998132
B,19,1986,375.964,6,B:19,0.9422572574856024
B,19,1987,282.797,6,B:19,0.4627770269571733
B,19,1988,155.063,6,B:19,-0.5472212026071633
B,19,1989,376.3299999999999,6,B:19,0.9438963003457435
B,19,1990,198.283,6,B:19,-0.1343271883212833
B,19,1991,214.40999999999997,6,B:19,-0.0028967958401743235
B,19,1992,257.39300000000003,6,B:19,0.304390383589296
B,19,1993,291.60299999999995,6,B:19,0.5143875600697203
B,19,1994,177.837,6,B:19,-0.31715925203137185
B,19,1995,338.42999999999995,6,B:19,0.7651156383771703
B,19,1996,130.113,6,B:19,-0.8414387427214235
B,19,1997,181.53,6,B:19,-0.2826372653187506
B,19,1998,261.137,6,B:19,0.3286870901743117
B,19,1999,169.837,6,B:19,-0.3944544083696136
B,19,2000,186.666,6,B:19,-0.2357698499419251
B,19,2001,270.43,6,B:19,0.38752547450793107
B,19,2002,349.596,6,B:19,0.8197819690867626
B,19,2003,172.883,6,B:19,-0.36460576719343285
B,19,2004,287.2967,6,B:19,0.4893460260770151
B,2,1982,245.856,4,B:2,0.22724449742474234
B,2,1983,167.767,4,B:2,-0.41504423885294395
B,2,1984,227.32600000000002,4,B:2,0.09545355462655042
B,2,1985,394.532,4,B:2,1.0234659261107728
B,2,1986,539.6899999999999,4,B:2,1.5514597443508955
B,2,1987,367.233,4,B:2,0.902678458827683
B,2,1988,140.737,4,B:2,-0.7098455056360385
B,2,1989,154.567,4,B:2,-0.5525976156688678
B,2,1990,109.743,4,B:2,-1.1266154729064402
B,2,1991,194.494,4,B:2,-0.1667489002605369
B,2,1992,143.433,4,B:2,-0.678021233657542
B,2,1993,422.437,4,B:2,1.138607606488315
B,2,1994,183.428,4,B:2,-0.2651656296555139
B,2,1995,265.565,4,B:2,0.3569786347022413
B,2,1996,179.81699999999998,4,B:2,-0.29856261018474917
B,2,1997,153.531,4,B:2,-0.5638828933583874
B,2,1998,129.5,4,B:2,-0.8493537586333177
B,2,1999,198.677,4,B:2,-0.1309912589142696
B,2,2000,187.563,4,B:2,-0.2277162353648262
B,2,2001,185.67,4,B:2,-0.24475755085674758
B,2,2002,388.77,4,B:2,0.9986806256426062
B,2,2003,86.042,4,B:2,-1.5333537068230871
B,2,2004,234.9033,4,B:2,0.15059401032361733
B,20,1982,227.657,3,B:20,0.09790023855541057
B,20,1983,259.41,3,B:20,0.3175231267740283
B,20,1984,347.705,3,B:20,0.8106476057584303
B,20,1985,266.777,3,B:20,0.364640489141187
B,20,1986,297.503,3,B:20,0.5481047141782986
B,20,1987,243.29899999999998,3,B:20,0.20965854369680792
B,20,1988,123.265,3,B:20,-0.9320400032726273
B,20,1989,159.633,3,B:20,-0.4984735605743585
B,20,1990,236.231,3,B:20,0.1600730972458137
B,20,1991,235.16400000000002,3,B:20,0.15245947487740866
B,20,1992,235.634,3,B:20,0.15581740932865468
B,20,1993,279.851,3,B:20,0.4451528545333272
B,20,1994,246.936,3,B:20,0.23461762281941734
B,20,1995,202.36499999999998,3,B:20,-0.10008100499303747
B,20,1996,203.64,3,B:20,-0.08952508822664589
B,20,1997,209.367,3,B:20,-0.042907567203745896
B,20,1998,288.733,3,B:20,0.4977395772900054
B,20,1999,219.51,3,B:20,0.03662466973440882
B,20,2000,201.966,3,B:20,-0.10339798552264523
B,20,2001,144.167,3,B:20,-0.6694597648976078
B,20,2002,148.437,3,B:20,-0.6204965986237522
B,20,2003,96.667,3,B:20,-1.3388309463092252
B,20,2004,186.743,3,B:20,-0.23507700524832567
B,21,1982,86.442,9,B:21,-1.5256098914982152
B,21,1983,136.657,9,B:21,-0.7591769470664529
B,21,1984,143.238,9,B:21,-0.6803030535647535
B,21,1985,157.73,9,B:21,-0.5186019568131663
B,21,1986,188.641,9,B:21,-0.21808806728525248
B,21,1987,233.006,9,B:21,0.13695527283375034
B,21,1988,112.232,9,B:21,-1.0890755761336608
B,21,1989,140.26600000000002,9,B:21,-0.7154673667556827
B,21,1990,224.016,9,B:21,0.07078977683260634
B,21,1991,185.946,9,B:21,-0.24226218896424284
B,21,1992,385.34299999999996,9,B:21,0.9837649883836752
B,21,1993,207.027,9,B:21,-0.061799864959669916
B,21,1994,248.917,9,B:21,0.24805874358433702
B,21,1995,203.03099999999998,9,B:21,-0.0945588613494496
B,21,1996,120.033,9,B:21,-0.9765494629465392
B,21,1997,130.49699999999999,9,B:21,-0.8364993891157619
B,21,1998,123.857,9,B:21,-0.924012873459618
B,21,1999,132.201,9,B:21,-0.8147536199344287
B,21,2000,111.096,9,B:21,-1.1061056563241398
B,21,2001,141.224,9,B:21,-0.7040522787964484
B,21,2002,133.25300000000001,9,B:21,-0.801466871081376
B,21,2003,97.021,9,B:21,-1.3327202685091748
B,21,2004,91.967,9,B:21,-1.4221290969616822
B,22,1982,304.188,8,B:22,0.5855118370987668
B,22,1983,465.74,8,B:22,1.3030577964102645
B,22,1984,296.313,8,B:22,0.5413581101499487
B,22,1985,240.297,8,B:22,0.18877563623654198
B,22,1986,410.1,8,B:22,1.0886679613414474
B,22,1987,464.134,8,B:22,1.2972362465675613
B,22,1988,96.767,8,B:22,-1.3371025244071224
B,22,1989,334.03,8,B:22,0.7430786377792805
B,22,1990,370.65,8,B:22,0.9182788274919054
B,22,1991,214.43,8,B:22,-0.0027399894262951177
B,22,1992,327.17,8,B:22,0.7081368652755217
B,22,1993,796.87,8,B:22,2.208634095494158
B,22,1994,452.727,8,B:22,1.2552995923633494
B,22,1995,500.33299999999997,8,B:22,1.423815519913977
B,22,1996,381.07,8,B:22,0.9649807967707849
B,22,1997,278.897,8,B:22,0.4394059907348271
B,22,1998,203.044,8,B:22,-0.09445125120679285
B,22,1999,357.567,8,B:22,0.8577514687926717
B,22,2000,121.76299999999999,8,B:22,-0.952578986792096
B,22,2001,225.666,8,B:22,0.08312942952017106
B,22,2002,246.047,8,B:22,0.22855079333982178
B,22,2003,175.063,8,B:22,-0.34356260891330237
B,22,2004,227.33,8,B:22,0.09548314297108422
B,23,1982,271.338,3,B:23,0.39316603744965734
B,23,1983,298.779,3,B:23,0.5553090714211399
B,23,1984,181.19600000000003,3,B:23,-0.28573061992744153
B,23,1985,205.346,3,B:23,-0.07550326986107622
B,23,1986,169.547,3,B:23,-0.39732389881903823
B,23,1987,199.937,3,B:23,-0.12036707209443118
B,23,1988,257.966,3,B:23,0.30813159831441406
B,23,1989,133.0,3,B:23,-0.804652725353396
B,23,1990,206.43,3,B:23,-0.06665384955001545
B,23,1991,182.106,3,B:23,-0.27731589188075795
B,23,1992,250.987,3,B:23,0.2619903756107715
B,23,1993,254.071,3,B:23,0.2825356492319538
B,23,1994,189.654,3,B:23,-0.20909019755923544
B,23,1995,171.13400000000001,3,B:23,-0.38168018545044463
B,23,1996,188.187,3,B:23,-0.22213628474454258
B,23,1997,173.466,3,B:23,-0.35895243850903447
B,23,1998,124.966,3,B:23,-0.9090774733279234
B,23,1999,200.718,3,B:23,-0.11381515601458192
B,23,2000,237.8,3,B:23,0.17120678723715158
B,23,2001,71.06700000000001,3,B:23,-1.8522204529233923
B,23,2002,297.846,3,B:23,0.5500443306819757
B,23,2003,170.96699999999998,3,B:23,-0.38331956840226616
B,23,2004,149.3503,3,B:23,-0.6102057446775763
B,24,1982,203.263,4,B:24,-0.0926394640575335
B,24,1983,236.80999999999997,4,B:24,0.16419025519354505
B,24,1984,261.487,4,B:24,0.33094065366602665
B,24,1985,349.94599999999997,4,B:24,0.8214672187453212
B,24,1986,246.5,4,B:24,0.23164493786738152
B,24,1987,275.60299999999995,4,B:24,0.41941136210293606
B,24,1988,102.43299999999999,4,B:24,-1.241951540798327
B,24,1989,242.567,4,B:24,0.20459026254636353
B,24,1990,131.79,4,B:24,-0.8199730738725542
B,24,1991,154.61,4,B:24,-0.5521308372024815
B,24,1992,140.776,4,B:24,-0.7093808390151785
B,24,1993,212.36700000000002,4,B:24,-0.018991760069613284
B,24,1994,172.46699999999998,4,B:24,-0.3686513032758909
B,24,1995,117.29899999999999,4,B:24,-1.0151387252479978
B,24,1996,154.036,4,B:24,-0.5583724448457965
B,24,1997,131.76600000000002,4,B:24,-0.8202783585228329
B,24,1998,133.733,4,B:24,-0.7954390290062416
B,24,1999,257.413,4,B:24,0.30452110667560084
B,24,2000,122.933,4,B:24,-0.9365584577282479
B,24,2001,172.2,4,B:24,-0.37125295218878274
B,24,2002,252.16000000000003,4,B:24,0.2698342541224558
B,24,2003,176.25,4,B:24,-0.3322140013184992
B,24,2004,207.7664,4,B:24,-0.055807352956710764
B,25,1982,193.743,3,B:25,-0.17324962643353295
B,25,1983,173.56300000000002,3,B:25,-0.35801366661995004
B,25,1984,269.167,3,B:25,0.3796481682278936
B,25,1985,271.639,3,B:25,0.3950317219771897
B,25,1986,331.29,3,B:25,0.7292088854406517
B,25,1987,253.096,3,B:25,0.2760672809033879
B,25,1988,95.367,3,B:25,-1.3614628902078316
B,25,1989,235.0,3,B:25,0.15128619711841731
B,25,1990,217.487,3,B:25,0.02105830333593391
B,25,1991,234.89700000000002,3,B:25,0.1505489045453407
B,25,1992,129.957,3,B:25,-0.843449488589456
B,25,1993,293.863,3,B:25,0.5273826021159735
B,25,1994,203.704,3,B:25,-0.08899695755233757
B,25,1995,127.366,3,B:25,-0.8772008015542269
B,25,1996,160.741,3,B:25,-0.48686358498775256
B,25,1997,137.7,3,B:25,-0.746428251664211
B,25,1998,140.966,3,B:25,-0.7071189052466663
B,25,1999,103.424,3,B:25,-1.2258464886905787
B,25,2000,99.167,3,B:25,-1.2961423337647746
B,25,2001,93.1,3,B:25,-1.401669933000003
B,25,2002,241.673,3,B:25,0.1983796109153545
B,25,2003,94.366,3,B:25,-1.3790985210629654
B,25,2004,111.7704,3,B:25,-1.0959748470188224
B,26,1982,201.976,2,B:26,-0.10331477354246024
B,26,1983,175.166,2,B:26,-0.34257482494960656
B,26,1984,202.884,2,B:26,-0.09577616106875905
B,26,1985,157.526,2,B:26,-0.5207740088566442
B,26,1986,248.047,2,B:26,0.24216894661697078
B,26,1987,267.63100000000003,2,B:26,0.37001839053888014
B,26,1988,110.634,2,B:26,-1.1130810418237502
B,26,1989,135.767,2,B:26,-0.7701321211458677
B,26,1990,124.27999999999999,2,B:26,-0.9183005513529309
B,26,1991,158.241,2,B:26,-0.5131734097755727
B,26,1992,161.873,2,B:26,-0.475083978431792
B,26,1993,268.197,2,B:26,0.37357325483937714
B,26,1994,205.765,2,B:26,-0.0720771917779104
B,26,1995,199.50300000000001,2,B:26,-0.12401897396101869
B,26,1996,143.917,2,B:26,-0.6723709256317869
B,26,1997,144.618,2,B:26,-0.6642206884674755
B,26,1998,213.63299999999998,2,B:26,-0.009000021847227048
B,26,1999,182.633,2,B:26,-0.27246184840663784
B,26,2000,152.234,2,B:26,-0.5781184076643205
B,26,2001,124.83300000000001,2,B:26,-0.9108616897170787
B,26,2002,233.303,2,B:26,0.13909754106437316
B,26,2003,231.834,2,B:26,0.12847499057388925
B,26,2004,123.964,2,B:26,-0.9225660860998897
B,27,1982,272.967,5,B:27,0.40323853197676796
B,27,1983,368.65900000000005,5,B:27,0.909206413170546
B,27,1984,278.997,5,B:27,0.44000930561251456
B,27,1985,323.575,5,B:27,0.6895327262600248
B,27,1986,346.29,5,B:27,0.8037800726390134
B,27,1987,320.8,5,B:27,0.6750306244774948
B,27,1988,137.4,5,B:27,-0.7500853340371377
B,27,1989,201.831,5,B:27,-0.10452174869769715
B,27,1990,205.224,5,B:27,-0.07650214692772082
B,27,1991,238.953,5,B:27,0.17934199188643146
B,27,1992,156.427,5,B:27,-0.5325237095720292
B,27,1993,389.3,5,B:27,1.0009756759215784
B,27,1994,225.07,5,B:27,0.07868259134704748
B,27,1995,115.6,5,B:27,-1.039571322067369
B,27,1996,257.86,5,B:27,0.3074401306705931
B,27,1997,263.2,5,B:27,0.34192707219022256
B,27,1998,158.186,5,B:27,-0.5137568584433736
B,27,1999,273.527,5,B:27,0.4066873171337221
B,27,2000,164.433,5,B:27,-0.4487437345466639
B,27,2001,364.66999999999996,5,B:27,0.8908817311849669
B,27,2002,540.933,5,B:27,1.555338066800449
B,27,2003,160.897,5,B:27,-0.4852353579309566
B,27,2004,200.78,5,B:27,-0.11329611682454666
B,28,1982,188.85399999999998,3,B:28,-0.21619213232543857
B,28,1983,92.95599999999999,3,B:28,-1.4042565088991028
B,28,1984,191.748,3,B:28,-0.19064104315363947
B,28,1985,297.845,3,B:28,0.5500386790597066
B,28,1986,261.596,3,B:28,0.3316418641331575
B,28,1987,247.869,3,B:28,0.24096137253650796
B,28,1988,104.067,3,B:28,-1.215478445185648
B,28,1989,140.667,3,B:28,-0.7106798434307879
B,28,1990,178.90099999999998,3,B:28,-0.30714045997316214
B,28,1991,219.801,3,B:28,0.03885206936457242
B,28,1992,157.464,3,B:28,-0.521434696184707
B,28,1993,329.87399999999997,3,B:28,0.7219962693746497
B,28,1994,238.16400000000002,3,B:28,0.1737792916272251
B,28,1995,140.562,3,B:28,-0.7119321234289927
B,28,1996,158.06799999999998,3,B:28,-0.5150093015315285
B,28,1997,205.46599999999998,3,B:28,-0.07452134379482847
B,28,1998,131.166,3,B:28,-0.8279284639246207
B,28,1999,219.747,3,B:28,0.03843895938731322
B,28,2000,168.663,3,B:28,-0.4061010991627734
B,28,2001,172.833,3,B:28,-0.3650914974716838
B,28,2002,284.03999999999996,3,B:28,0.4701583434384814
B,28,2003,193.589,3,B:28,-0.1745857618834702
B,28,2004,132.6557,3,B:28,-0.8089979337457376
B,29,1982,300.081,6,B:29,0.5626286860170568
B,29,1983,349.96,6,B:29,0.8215345937680746
B,29,1984,339.85,6,B:29,0.7721666448941665
B,29,1985,284.023,6,B:29,0.4700576094774496
B,29,1986,513.328,6,B:29,1.467037140972537
B,29,1987,223.93699999999998,6,B:29,0.0701967015998471
B,29,1988,96.933,6,B:29,-1.3342372434692922
B,29,1989,119.834,6,B:29,-0.9793287051787926
B,29,1990,151.927,6,B:29,-0.5815055893874538
B,29,1991,211.986,6,B:29,-0.02201036037776944
B,29,1992,687.767,6,B:29,1.9602846909439422
B,29,1993,423.36,6,B:29,1.1422851671157446
B,29,1994,207.69299999999998,6,B:29,-0.05640127803525104
B,29,1995,110.666,6,B:29,-1.1125969685535695
B,29,1996,342.38000000000005,6,B:29,0.7846568690508693
B,29,1997,230.567,6,B:29,0.11925916194846885
B,29,1998,237.16299999999998,6,B:29,0.16669545466450192
B,29,1999,241.25599999999997,6,B:29,0.19547486700984523
B,29,2000,161.86700000000002,6,B:29,-0.4751461984311613
B,29,2001,379.437,6,B:29,0.9577465576855202
B,29,2002,361.223,6,B:29,0.874885162650789
B,29,2003,131.633,6,B:29,-0.8219711452266291
B,29,2004,290.77000000000004,6,B:29,0.5095724635434086
B,3,1982,368.853,8,B:3,0.9100925613676156
B,3,1983,561.634,8,B:3,1.6186520970698903
B,3,1984,262.31,8,B:3,0.3362279290389119
B,3,1985,303.08700000000005,8,B:3,0.5794077000278491
B,3,1986,249.44,8,B:3,0.2515895321466449
B,3,1987,399.793,8,B:3,1.0457828387924364
B,3,1988,23.0,8,B:3,-3.709305674377695
B,3,1989,354.933,8,B:3,0.8452987165121408
B,3,1990,233.0,8,B:3,0.13691196667401556
B,3,1991,220.97,8,B:3,0.04777045394012791
B,3,1992,504.53,8,B:3,1.4378961129596026
B,3,1993,313.637,8,B:3,0.637011009558822
B,3,1994,302.18300000000005,8,B:3,0.5743792195504224
B,3,1995,545.13,8,B:3,1.568367842058975
B,3,1996,339.84999999999997,8,B:3,0.7721666448941665
B,3,1997,277.1,8,B:3,0.4285275272458089
B,3,1998,114.8,8,B:3,-1.0511993327659013
B,3,1999,221.77300000000002,8,B:3,0.053869427349734524
B,3,2000,270.897,8,B:3,0.3904288656276272
B,3,2001,391.32300000000004,8,B:3,1.0097072810459502
B,3,2002,324.467,8,B:3,0.6941679804280824
B,3,2003,133.59699999999998,8,B:3,-0.797144734538987
B,3,2004,162.79,8,B:3,-0.465601532518563
B,30,1982,323.63,5,B:30,0.6898189005925378
B,30,1983,217.204,5,B:30,0.01886922098841285
B,30,1984,396.1,5,B:30,1.0301482091541392
B,30,1985,255.99300000000002,5,B:30,0.2952145330552013
B,30,1986,541.468,5,B:30,1.5570045991635613
B,30,1987,360.164,5,B:30,0.8699400588225322
B,30,1988,215.896,5,B:30,0.008714457497206425
B,30,1989,141.03300000000002,5,B:30,-0.706321997875592
B,30,1990,155.0,5,B:30,-0.5479031456766985
B,30,1991,168.97799999999998,5,B:30,-0.40296824332036396
B,30,1992,203.314,5,B:30,-0.09221781988047979
B,30,1993,361.01300000000003,5,B:30,0.873905697378964
B,30,1994,216.494,5,B:30,0.013364655908194698
B,30,1995,180.4,5,B:30,-0.29312572771986284
B,30,1996,252.903,5,B:30,0.27478393326277967
B,30,1997,189.601,5,B:30,-0.20955977818300975
B,30,1998,164.03,5,B:30,-0.45286311841800575
B,30,1999,192.077,5,B:30,-0.18776062537831736
B,30,2000,227.97,5,B:30,0.10021061426188255
B,30,2001,192.566,5,B:30,-0.18348845285230647
B,30,2002,284.47,5,B:30,0.47270432421734726
B,30,2003,199.636,5,B:30,-0.12289900338410087
B,30,2004,338.96329999999995,5,B:30,0.767767191040501
B,31,1982,135.00300000000001,2,B:31,-0.7795933540724774
B,31,1983,192.833,2,B:31,-0.18116034723469795
B,31,1984,290.457,2,B:31,0.5077596355363686
B,31,1985,227.069,2,B:31,0.09355141612929348
B,31,1986,390.311,2,B:31,1.005344962985558
B,31,1987,295.397,2,B:31,0.536146507474983
B,31,1988,114.033,2,B:31,-1.062423365131517
B,31,1989,213.769,2,B:31,-0.007930167381133143
B,31,1990,169.734,2,B:31,-0.3954730140427456
B,31,1991,186.58700000000002,2,B:31,-0.23648098611247004
B,31,1992,100.184,2,B:31,-1.279080696706437
B,31,1993,255.95200000000003,2,B:31,0.2949450589389566
B,31,1994,201.398,2,B:31,-0.10813116842595308
B,31,1995,167.97400000000002,2,B:31,-0.41297392370914304
B,31,1996,143.197,2,B:31,-0.6807832133072005
B,31,1997,157.59300000000002,2,B:31,-0.5200603307243141
B,31,1998,187.197,2,B:31,-0.23099768904097248
B,31,1999,112.944,2,B:31,-1.0784886761272543
B,31,2000,151.1,2,B:31,-0.5906639583151326
B,31,2001,73.007,2,B:31,-1.807355812838587
B,31,2002,201.734,2,B:31,-0.10532965522682974
B,31,2003,183.86599999999999,2,B:31,-0.2611592518021436
B,31,2004,173.5643,2,B:31,-0.3580010886837794
B,32,1982,170.6,6,B:32,-0.38692788495598174
B,32,1983,416.871,6,B:32,1.1162593131174037
B,32,1984,299.85499999999996,6,B:32,0.5613604269216679
B,32,1985,299.154,6,B:32,0.5574205098267343
B,32,1986,499.33299999999997,6,B:32,1.4204432132892235
B,32,1987,494.13300000000004,6,B:32,1.4027978458442452
B,32,1988,129.036,6,B:32,-0.8553696577191342
B,32,1989,337.96700000000004,6,B:32,0.7628102346884889
B,32,1990,221.00300000000001,6,B:32,0.04802153111027563
B,32,1991,261.017,6,B:32,0.32791374711306487
B,32,1992,279.2,6,B:32,0.44123337242183786
B,32,1993,345.16700000000003,6,B:32,0.7983097814679537
B,32,1994,211.21300000000002,6,B:32,-0.02815133894838354
B,32,1995,448.41299999999995,6,B:32,1.2391642490548318
B,32,1996,379.9,6,B:32,0.9598008107904716
B,32,1997,221.937,6,B:32,0.05511234207572039
B,32,1998,259.063,6,B:32,0.3152710604415812
B,32,1999,198.453,6,B:32,-0.13288701970118227
B,32,2000,179.0,6,B:32,-0.3062112753884981
B,32,2001,280.83299999999997,6,B:32,0.45104803638546787
B,32,2002,258.46299999999997,6,B:32,0.31136989830474104
B,32,2003,165.96699999999998,6,B:32,-0.43315476991810536
B,32,2004,11.0666,6,B:32,-4.870657019258676
B,33,1982,82.83,1,B:33,-1.5968583732046768
B,33,1983,114.42200000000001,1,B:33,-1.056721542247662
B,33,1984,249.384,1,B:33,0.2512118271411973
B,33,1985,347.184,1,B:33,0.8081222414469973
B,33,1986,141.86599999999999,1,B:33,-0.69644545034516
B,33,1987,391.036,1,B:33,1.0084712855847857
B,33,1988,125.799,1,B:33,-0.8979453122960591
B,33,1989,97.167,1,B:33,-1.3302064707193797
B,33,1990,208.821,1,B:33,-0.0472969058186956
B,33,1991,214.09099999999998,1,B:33,-0.0053998280709224005
B,33,1992,120.77999999999999,1,B:33,-0.9661574451658621
B,33,1993,332.017,1,B:33,0.732900040884454
B,33,1994,226.74699999999999,1,B:33,0.091165164586176
B,33,1995,174.968,1,B:33,-0.3444741842163272
B,33,1996,99.108,1,B:33,-1.2971374530154125
B,33,1997,75.666,1,B:33,-1.7477377532736789
B,33,1998,113.17699999999999,1,B:33,-1.0750385048978524
B,33,1999,153.777,1,B:33,-0.5611963497788989
B,33,2000,81.476,1,B:33,-1.6243607473815427
B,33,2001,77.1,1,B:33,-1.716438363831855
B,33,2002,136.24,1,B:33,-0.764301030961822
B,33,2003,67.673,1,B:33,-1.9336961987676566
B,33,2004,101.973,1,B:33,-1.24947965289092
B,34,1982,55.104,1,B:34,-2.275118150408925
B,34,1983,131.365,1,B:34,-0.8253873365856306
B,34,1984,230.361,1,B:34,0.11775600737239207
B,34,1985,142.24,1,B:34,-0.6920297994750576
B,34,1986,170.987,1,B:34,-0.38312315122036594
B,34,1987,285.79699999999997,1,B:34,0.48053722891197104
B,34,1988,251.97,1,B:34,0.26856618950355077
B,34,1989,77.6,1,B:34,-1.7056600127492787
B,34,1990,327.513,1,B:34,0.7099012294464884
B,34,1991,135.563,1,B:34,-0.7726532369256357
B,34,1992,299.65,1,B:34,0.5602091906082393
B,34,1993,400.899,1,B:34,1.0504371595639788
B,34,1994,144.394,1,B:34,-0.6668207705014612
B,34,1995,154.239,1,B:34,-0.5561624098052396
B,34,1996,64.96600000000001,1,B:34,-2.001620589529314
B,34,1997,88.8,1,B:34,-1.480667867533088
B,34,1998,77.534,1,B:34,-1.707078820783339
B,34,1999,72.131,1,B:34,-1.8274668390914157
B,34,2000,151.501,1,B:34,-0.5862169991376007
B,34,2001,164.103,1,B:34,-0.4521161817625049
B,34,2002,80.19,1,B:34,-1.6509032141428177
B,34,2003,92.7,1,B:34,-1.4088646696846623
B,34,2004,49.100300000000004,1,B:34,-2.466275050753751
B,35,1982,141.387,9,B:35,-0.7021177027120673
B,35,1983,59.647,9,B:35,-2.1436104120378663
B,35,1984,231.286,9,B:35,0.12449515079073271
B,35,1985,230.5,9,B:35,0.11877041864812965
B,35,1986,126.27699999999999,9,B:35,-0.8915903261312866
B,35,1987,196.46999999999997,9,B:35,-0.14976303483992676
B,35,1988,146.667,9,B:35,-0.6406208507398602
B,35,1989,134.234,9,B:35,-0.7891703304274764
B,35,1990,361.621,9,B:35,0.8767399255980195
B,35,1991,188.559,9,B:35,-0.21881852549484276
B,35,1992,175.633,9,B:35,-0.33810346499741667
B,35,1993,232.401,9,B:35,0.1325829698529359
B,35,1994,213.072,9,B:35,-0.013420348911407162
B,35,1995,195.691,9,B:35,-0.15643900237418293
B,35,1996,141.62099999999998,9,B:35,-0.6993443267412122
B,35,1997,128.96699999999998,9,B:35,-0.8562660963959247
B,35,1998,114.999,9,B:35,-1.0482993763620743
B,35,1999,147.499,9,B:35,-0.6311314428877143
B,35,2000,106.9,9,B:35,-1.1705408606732026
B,35,2001,115.934,9,B:35,-1.0347402169311557
B,35,2002,125.826,9,B:35,-0.897585710750434
B,35,2003,131.297,9,B:35,-0.8262552315652598
B,35,2004,63.166,9,B:35,-2.0483473792156053
B,36,1982,253.178,4,B:36,0.276612242383146
B,36,1983,224.733,4,B:36,0.07616299647928172
B,36,1984,204.853,4,B:36,-0.07954335052693326
B,36,1985,267.617,4,B:36,0.3699303661391137
B,36,1986,311.94,4,B:36,0.6278769103147839
B,36,1987,400.86999999999995,4,B:36,1.0503152840136187
B,36,1988,197.064,4,B:36,-0.14469017580622232
B,36,1989,199.53,4,B:36,-0.12379155142521284
B,36,1990,357.563,4,B:36,0.8577326274458283
B,36,1991,157.10399999999998,4,B:36,-0.525276060693232
B,36,1992,162.546,4,B:36,-0.4681194760121044
B,36,1993,368.135,4,B:36,0.9068105729906647
B,36,1994,143.188,4,B:36,-0.6808886324999398
B,36,1995,167.133,4,B:36,-0.42140103967022385
B,36,1996,202.11,4,B:36,-0.102200128366348
B,36,1997,155.934,4,B:36,-0.5378211789832222
B,36,1998,113.467,4,B:36,-1.070754122113923
B,36,1999,217.05999999999997,4,B:36,0.01775425152066707
B,36,2000,169.57,4,B:36,-0.3970961404642193
B,36,2001,203.86599999999999,4,B:36,-0.08766086438505077
B,36,2002,259.01,4,B:36,0.3149268203826211
B,36,2003,136.733,4,B:36,-0.7582447337955116
B,36,2004,180.6696,4,B:36,-0.29061742513952604
B,37,1982,205.654,9,B:37,-0.07298413980633824
B,37,1983,252.68,9,B:37,0.2732998862238931
B,37,1984,122.586,9,B:37,-0.9412940146530545
B,37,1985,217.794,9,B:37,0.023429828205175147
B,37,1986,193.064,9,B:37,-0.17914872950617725
B,37,1987,220.73299999999998,9,B:37,0.04596616591745208
B,37,1988,97.6,9,B:37,-1.3227730934185051
B,37,1989,116.166,9,B:37,-1.0313925938208466
B,37,1990,155.699,9,B:37,-0.5403522016543527
B,37,1991,139.446,9,B:37,-0.7252997676132323
B,37,1992,147.517,9,B:37,-0.6309267312632528
B,37,1993,384.003,9,B:37,0.9778967756761778
B,37,1994,190.809,9,B:37,-0.19888917469074308
B,37,1995,234.277,9,B:37,0.14610402018566662
B,37,1996,222.86700000000002,9,B:37,0.06214333024621031
B,37,1997,151.833,9,B:37,-0.5825440667682336
B,37,1998,156.304,9,B:37,-0.5338438357886759
B,37,1999,212.25,9,B:37,-0.019918157963872203
B,37,2000,169.834,9,B:37,-0.394484067811873
B,37,2001,64.06700000000001,9,B:37,-2.0247964392357165
B,37,2002,145.328,9,B:37,-0.6560057082942592
B,37,2003,145.103,9,B:37,-0.6586047248047663
B,37,2004,131.6129,9,B:37,-0.8222271200326994
B,38,1982,170.45,4,B:38,-0.388404895878865
B,38,1983,147.499,4,B:38,-0.6311314428877143
B,38,1984,324.192,4,B:38,0.6927403061919852
B,38,1985,379.208,4,B:38,0.9567295989654383
B,38,1986,374.303,4,B:38,0.9347988145495771
B,38,1987,225.971,4,B:38,0.08540055578120469
B,38,1988,319.63,4,B:38,0.6688787088213075
B,38,1989,195.0,4,B:38,-0.16238298308929894
B,38,1990,118.38000000000001,4,B:38,-0.999775311699361
B,38,1991,187.75,4,B:38,-0.22604210328922755
B,38,1992,147.733,4,B:38,-0.6284721251682455
B,38,1993,279.329,4,B:38,0.442010766942771
B,38,1994,248.87599999999998,4,B:38,0.247781639113705
B,38,1995,249.8,4,B:38,0.2540156209755975
B,38,1996,153.8,4,B:38,-0.5609453871855976
B,38,1997,287.731,4,B:38,0.49188842147382267
B,38,1998,273.16999999999996,4,B:38,0.4044895304602082
B,38,1999,565.623,4,B:38,1.6305843622187448
B,38,2000,103.767,4,B:38,-1.2203078713990898
B,38,2001,208.496,4,B:38,-0.0499150334967387
B,38,2002,188.531,4,B:38,-0.2190680226211242
B,38,2003,179.606,4,B:38,-0.300534654010029
B,38,2004,213.1334,4,B:38,-0.012935991356331255
B,39,1982,531.343,8,B:39,1.5251827347866447
B,39,1983,538.92,8,B:39,1.5490527689022726
B,39,1984,314.95,8,B:39,0.6440444883865751
B,39,1985,302.993,8,B:39,0.5788855239384002
B,39,1986,326.577,8,B:39,0.7050821668340628
B,39,1987,234.73,8,B:39,0.14935280404135903
B,39,1988,157.167,8,B:39,-0.5246031909074097
B,39,1989,228.164,8,B:39,0.10164101944824415
B,39,1990,89.434,8,B:39,-1.4687854674276681
B,39,1991,219.00199999999998,8,B:39,0.032729234346755634
B,39,1992,301.4,8,B:39,0.5700116666597854
B,39,1993,455.99699999999996,8,B:39,1.2674282484444377
B,39,1994,238.273,8,B:39,0.17454886776116546
B,39,1995,448.909,8,B:39,1.2410272640344466
B,39,1996,231.163,8,B:39,0.12360057542755618
B,39,1997,255.997,8,B:39,0.2952408209111157
B,39,1998,156.79999999999998,8,B:39,-0.5285266974108876
B,39,1999,272.64300000000003,8,B:39,0.40123994278430597
B,39,2000,171.23000000000002,8,B:39,-0.38073850545522264
B,39,2001,231.173,8,B:39,0.123673322829563
B,39,2002,363.207,8,B:39,0.8841108518624615
B,39,2003,205.683,8,B:39,-0.07274714241835689
B,39,2004,230.27,8,B:39,0.11709156623763864
B,4,1982,336.385,8,B:4,0.7549091933042857
B,4,1983,878.414,8,B:4,2.3729871446103976
B,4,1984,276.994,8,B:4,0.4278836434357621
B,4,1985,626.38,8,B:4,1.802619043764083
B,4,1986,477.366,8,B:4,1.3446126302145605
B,4,1987,544.4670000000001,8,B:4,1.566316202367936
B,4,1988,167.93,8,B:4,-0.4134137783616953
B,4,1989,379.0,8,B:4,0.9558053674909898
B,4,1990,316.503,8,B:4,0.6523259648622006
B,4,1991,347.52,8,B:4,0.8097513155920479
B,4,1992,339.997,8,B:4,0.7728948944885777
B,4,1993,583.937,8,B:4,1.6843101882634044
B,4,1994,425.467,8,B:4,1.1506503223386964
B,4,1995,643.569,8,B:4,1.8482707692626765
B,4,1996,435.83,8,B:4,1.19120079975366
B,4,1997,252.897,8,B:4,0.2747440208118282
B,4,1998,271.937,8,B:4,0.3968767836774539
B,4,1999,326.52299999999997,8,B:4,0.7048037240257239
B,4,2000,321.03700000000003,8,B:4,0.6762740571608423
B,4,2001,265.63599999999997,8,B:4,0.35742843241221967
B,4,2002,263.637,8,B:4,0.344718391673264
B,4,2003,136.83,8,B:4,-0.7570556822219232
B,4,2004,244.54,8,B:4,0.21821648285988288
B,40,1982,149.126,2,B:40,-0.6127273027548763
B,40,1983,37.18,2,B:40,-2.9251916290018185
B,40,1984,120.05799999999999,2,B:40,-0.9762006350494502
B,40,1985,522.341,2,B:40,1.4963778966103662
B,40,1986,189.333,2,B:40,-0.21193626260938103
B,40,1987,330.736,2,B:40,0.726390667177804
B,40,1988,159.364,2,B:40,-0.5013043088542135
B,40,1989,180.167,2,B:40,-0.2952965164173342
B,40,1990,206.833,2,B:40,-0.06337567715131434
B,40,1991,180.084,2,B:40,-0.2960704761232582
B,40,1992,136.527,2,B:40,-0.7607727161597272
B,40,1993,210.935,2,B:40,-0.03036533722549539
B,40,1994,325.653,2,B:40,0.7003113620184716
B,40,1995,194.3,2,B:40,-0.1684257869689074
B,40,1996,117.14099999999999,2,B:40,-1.0173960084249978
B,40,1997,67.766,2,B:40,-1.9314104795895144
B,40,1998,147.79999999999998,2,B:40,-0.6277114670358562
B,40,1999,195.657,2,B:40,-0.15673098150794823
B,40,2000,153.667,2,B:40,-0.5623971215820045
B,40,2001,67.2,2,B:40,-1.9453695331823495
B,40,2002,124.193,2,B:40,-0.9194738489914163
B,40,2003,123.6,2,B:40,-0.9274929390213663
B,40,2004,65.9,2,B:40,-1.977874614132739
B,41,1982,159.37,4,B:41,-0.5012411177282511
B,41,1983,210.763,4,B:41,-0.03173660383415669
B,41,1984,309.164,4,B:41,0.6128277717881064
B,41,1985,316.97499999999997,4,B:41,0.6548349113724509
B,41,1986,391.42900000000003,4,B:41,1.0101635524811357
B,41,1987,204.33,4,B:41,-0.0838398683353006
B,41,1988,101.33200000000001,4,B:41,-1.2600261869221179
B,41,1989,182.536,4,B:41,-0.2733542402285569
B,41,1990,190.057,4,B:41,-0.20552387700983155
B,41,1991,181.246,4,B:41,-0.2852671821531796
B,41,1992,166.702,4,B:41,-0.4257361624006333
B,41,1993,207.334,4,B:41,-0.05930918311411339
B,41,1994,128.673,4,B:41,-0.8600910463707582
B,41,1995,138.704,4,B:41,-0.7342464936341075
B,41,1996,172.137,4,B:41,-0.3718674092048243
B,41,1997,268.167,4,B:41,0.373385022132387
B,41,1998,164.433,4,B:41,-0.4487437345466639
B,41,1999,342.696,4,B:41,0.7862104438884646
B,41,2000,187.9,4,B:41,-0.22470041497610904
B,41,2001,167.363,4,B:41,-0.41909217838502916
B,41,2002,255.557,4,B:41,0.2923467010708798
B,41,2003,175.434,4,B:41,-0.3400073724724532
B,41,2004,172.23700000000002,4,B:41,-0.3708921847771222
B,42,1982,352.87300000000005,7,B:42,0.8354952737497244
B,42,1983,472.097,7,B:42,1.3259062146592433
B,42,1984,352.783,7,B:42,0.8350656679235583
B,42,1985,869.5909999999999,7,B:42,2.3559565224651036
B,42,1986,460.91299999999995,7,B:42,1.285499693587293
B,42,1987,561.296,7,B:42,1.617637155458369
B,42,1988,148.401,7,B:42,-0.6209035256415372
B,42,1989,451.56600000000003,7,B:42,1.2509723255336591
B,42,1990,201.703,7,B:42,-0.10558793366942296
B,42,1991,432.073,7,B:42,1.1766118875491767
B,42,1992,259.266,7,B:42,0.3165889161812348
B,42,1993,427.897,7,B:42,1.1602466776123372
B,42,1994,256.633,7,B:42,0.29941539411613055
B,42,1995,304.118,7,B:42,0.5851244008543055
B,42,1996,399.713,7,B:42,1.0454456811141082
B,42,1997,270.41999999999996,7,B:42,0.3874632487776972
B,42,1998,287.57,7,B:42,0.49094637262872876
B,42,1999,284.646,7,B:42,0.473745294180582
B,42,2000,152.103,7,B:42,-0.5795629215174818
B,42,2001,447.167,7,B:42,1.2344750896314938
B,42,2002,216.833,7,B:42,0.015995129983836367
B,42,2003,135.17,7,B:42,-0.7775207262232526
B,42,2004,150.29670000000002,7,B:42,-0.5996076696392204
B,43,1982,182.889,3,B:43,-0.27010893178181566
B,43,1983,202.96300000000002,3,B:43,-0.09512185692823537
B,43,1984,209.279,3,B:43,-0.04361423574615059
B,43,1985,384.101,3,B:43,0.9783266351896871
B,43,1986,247.78099999999998,3,B:43,0.24036405053419815
B,43,1987,252.064,3,B:43,0.2691936667829353
B,43,1988,132.167,3,B:43,-0.8151847881252245
B,43,1989,183.79999999999998,3,B:43,-0.26176234478576316
B,43,1990,170.07,3,B:43,-0.39215244801441385
B,43,1991,189.592,3,B:43,-0.20963953125794518
B,43,1992,126.523,3,B:43,-0.8883290643398213
B,43,1993,232.9,3,B:43,0.13619003382152778
B,43,1994,165.199,3,B:43,-0.4409414289615411
B,43,1995,208.667,3,B:43,-0.04853698964286702
B,43,1996,151.273,3,B:43,-0.5887440085353016
B,43,1997,117.0,3,B:43,-1.019412969933243
B,43,1998,152.567,3,B:43,-0.5744520276473564
B,43,1999,181.1,3,B:43,-0.2866207770770693
B,43,2000,81.0,3,B:43,-1.6341366186410462
B,43,2001,111.80000000000001,3,B:43,-1.0955315860943906
B,43,2002,180.596,3,B:43,-0.29130181472260863
B,43,2003,86.899,3,B:43,-1.5168058202525305
B,43,2004,106.57000000000001,3,B:43,-1.1757142755993077
B,44,1982,523.659,8,B:44,1.500626089234368
B,44,1983,287.337,8,B:44,0.48958210372555666
B,44,1984,155.108,8,B:44,-0.5467342689378146
B,44,1985,147.224,8,B:44,-0.6342620707845681
B,44,1986,260.197,8,B:44,0.32261973786363624
B,44,1987,634.676,8,B:44,1.8248062298852874
B,44,1988,71.7,8,B:44,-1.8374502403014772
B,44,1989,555.3370000000001,8,B:44,1.5996426584929915
B,44,1990,406.133,8,B:44,1.0722908064578642
B,44,1991,280.64,8,B:44,0.44989103451988055
B,44,1992,403.10400000000004,8,B:44,1.0596782423939524
B,44,1993,739.407,8,B:44,2.0823915554166508
B,44,1994,339.96999999999997,8,B:44,0.7727611578976401
B,44,1995,615.211,8,B:44,1.772280254724194
B,44,1996,389.49699999999996,8,B:44,1.0018279473774057
B,44,1997,315.23,8,B:44,0.645540610877239
B,44,1998,436.53,8,B:44,1.1939051173584505
B,44,1999,160.55,8,B:44,-0.48885925920772405
B,44,2000,185.46300000000002,8,B:44,-0.24663149470829845
B,44,2001,538.0,8,B:44,1.5461723972182426
B,44,2002,284.46299999999997,8,B:44,0.4726629087336413
B,44,2003,53.133,8,B:44,-2.33552071349634
B,44,2004,252.803,8,B:44,0.27411860257749476
B,45,1982,174.942,5,B:45,-0.3447237537598443
B,45,1983,314.431,5,B:45,0.6412678086494854
B,45,1984,271.689,5,B:45,0.3953414368437302
B,45,1985,458.233,5,B:45,1.2756718690789883
B,45,1986,547.653,5,B:45,1.57615250509063
B,45,1987,370.20200000000006,5,B:45,0.9162416652707016
B,45,1988,124.93100000000001,5,B:45,-0.9095468212461127
B,45,1989,105.833,5,B:45,-1.187325771803316
B,45,1990,247.46300000000002,5,B:45,0.23820378333373513
B,45,1991,217.137,5,B:45,0.018350542033059573
B,45,1992,201.27300000000002,5,B:45,-0.10917458513755034
B,45,1993,669.763,5,B:45,1.915548866801568
B,45,1994,278.3,5,B:45,0.4357997102038477
B,45,1995,347.136,5,B:45,0.8078893882458916
B,45,1996,265.196,5,B:45,0.35463902262715874
B,45,1997,265.5,5,B:45,0.35656674300828917
B,45,1998,165.303,5,B:45,-0.43988488168347034
B,45,1999,256.207,5,B:45,0.2966203590519368
B,45,2000,135.767,5,B:45,-0.7701321211458677
B,45,2001,195.16400000000002,5,B:45,-0.16097036099799836
B,45,2002,352.056,5,B:45,0.8315913952202123
B,45,2003,239.17,5,B:45,0.18086870380607317
B,45,2004,107.2663,5,B:45,-1.1648168664171283
B,46,1982,257.747,5,B:46,0.306702688187109
B,46,1983,226.533,5,B:46,0.08957740378178458
B,46,1984,407.138,5,B:46,1.0764548391583604
B,46,1985,354.919,5,B:46,0.8452322828535701
B,46,1986,488.703,5,B:46,1.3841731084103956
B,46,1987,443.43399999999997,5,B:46,1.2203479903633385
B,46,1988,146.933,5,B:46,-0.6375811756244518
B,46,1989,189.47199999999998,5,B:46,-0.2107032656050424
B,46,1990,199.637,5,B:46,-0.1228905853650322
B,46,1991,205.537,5,B:46,-0.07394063956337417
B,46,1992,92.887,5,B:46,-1.405497315052607
B,46,1993,234.971,5,B:46,0.15107864243959382
B,46,1994,147.767,5,B:46,-0.6280860767362382
B,46,1995,219.804,5,B:46,0.03887501695641586
B,46,1996,233.736,5,B:46,0.14221592014564813
B,46,1997,232.503,5,B:46,0.13332091219129197
B,46,1998,149.201,5,B:46,-0.6118837412779926
B,46,1999,281.909,5,B:46,0.457483984782497
B,46,2000,211.0,5,B:46,-0.029847415736425468
B,46,2001,194.437,5,B:46,-0.167241421078762
B,46,2002,209.563,5,B:46,-0.04133468547552696
B,46,2003,132.6,5,B:46,-0.8097019425150711
B,46,2004,203.8967,5,B:46,-0.08740778556701737
B,47,1982,347.215,8,B:47,0.8082726087461976
B,47,1983,470.733,8,B:47,1.3210296853187338
B,47,1984,433.02,8,B:47,1.1803011055196557
B,47,1985,440.62399999999997,8,B:47,1.2096353760620908
B,47,1986,453.86800000000005,8,B:47,1.2595415406926924
B,47,1987,363.07000000000005,8,B:47,0.8834754129273957
B,47,1988,322.2,8,B:47,0.6823625635444325
B,47,1989,270.59999999999997,8,B:47,0.3885829613113685
B,47,1990,503.553,8,B:47,1.4346288244813794
B,47,1991,275.097,8,B:47,0.41631885277997416
B,47,1992,330.6,8,B:47,0.7256981107078929
B,47,1993,638.667,8,B:47,1.8353769843839545
B,47,1994,305.567,8,B:47,0.5931262656890635
B,47,1995,426.364,8,B:47,1.1541990324841889
B,47,1996,293.113,8,B:47,0.523081163358915
B,47,1997,219.17,8,B:47,0.0340184831407179
B,47,1998,89.433,8,B:47,-1.4688041437133659
B,47,1999,366.14300000000003,8,B:47,0.8976715785369576
B,47,2000,339.09999999999997,8,B:47,0.7684461898703795
B,47,2001,427.27299999999997,8,B:47,1.157787626546703
B,47,2002,572.85,8,B:47,1.6519900262046534
B,47,2003,139.034,8,B:47,-0.7302616386638867
B,47,2004,155.13330000000002,8,B:47,-0.5464605656466399
B,48,1982,245.329,3,B:48,0.22363496651465314
B,48,1983,156.763,3,B:48,-0.5289227615245211
B,48,1984,222.00900000000001,3,B:48,0.05565772316046829
B,48,1985,282.413,3,B:48,0.46049017918639074
B,48,1986,432.873,3,B:48,1.1797289672511642
B,48,1987,184.666,3,B:48,-0.253866107859626
B,48,1988,307.093,3,B:48,0.601512564222586
B,48,1989,177.833,3,B:48,-0.31719702901871166
B,48,1990,199.86599999999999,3,B:48,-0.12096396308289148
B,48,1991,178.95000000000002,3,B:48,-0.30668049663965563
B,48,1992,112.363,3,B:48,-1.087122717233151
B,48,1993,313.50600000000003,3,B:48,0.6363076590969133
B,48,1994,144.601,3,B:48,-0.6644178758215843
B,48,1995,219.513,3,B:48,0.036647647609251315
B,48,1996,226.13400000000001,3,B:48,0.08661305420645958
B,48,1997,175.737,3,B:48,-0.33710931132919314
B,48,1998,235.967,3,B:48,0.1581925073525877
B,48,1999,211.403,3,B:48,-0.026639842541624877
B,48,2000,194.3,3,B:48,-0.1684257869689074
B,48,2001,88.366,3,B:48,-1.4888503451324293
B,48,2002,1593.504,3,B:48,3.3780245494872316
B,48,2003,169.4,3,B:48,-0.3987802976853602
B,48,2004,193.0003,3,B:48,-0.17970320912665738
B,49,1982,231.74099999999999,2,B:49,0.1278002401805979
B,49,1983,160.887,2,B:49,-0.4853396843883
B,49,1984,240.39600000000002,2,B:49,0.1894684460710723
B,49,1985,216.336,2,B:49,0.01213725214484946
B,49,1986,213.85,2,B:49,-0.007293296506623648
B,49,1987,234.003,2,B:49,0.14413593475478104
B,49,1988,154.1,2,B:49,-0.557675372838511
B,49,1989,197.43699999999998,2,B:49,-0.14151246393120595
B,49,1990,95.243,2,B:49,-1.3636375571761714
B,49,1991,206.81900000000002,2,B:49,-0.06348945245549378
B,49,1992,104.18700000000001,2,B:49,-1.2135505346780897
B,49,1993,386.063,2,B:49,0.986909657307451
B,49,1994,277.37,2,B:49,0.4301665005745007
B,49,1995,112.693,2,B:49,-1.0822132868395444
B,49,1996,179.807,2,B:49,-0.29865602001833996
B,49,1997,149.367,2,B:49,-0.6100181554469609
B,49,1998,179.333,2,B:49,-0.3030895825818789
B,49,1999,157.94500000000002,2,B:49,-0.516315803604893
B,49,2000,115.434,2,B:49,-1.0419775608131916
B,49,2001,185.833,2,B:49,-0.24328339507029467
B,49,2002,175.47,2,B:49,-0.33966278795095467
B,49,2003,69.803,2,B:49,-1.8821064125040743
B,49,2004,249.93970000000002,2,B:49,0.254956140456545
B,5,1982,352.77099999999996,5,B:5,0.8350083788895217
B,5,1983,365.17400000000004,5,B:5,0.8932080108933244
B,5,1984,252.74,5,B:5,0.27369930963421496
B,5,1985,325.476,5,B:5,0.6993959340997824
B,5,1986,535.71,5,B:5,1.5389813725850916
B,5,1987,530.4000000000001,5,B:5,1.522188230526535
B,5,1988,101.03300000000002,5,B:5,-1.264968324404076
B,5,1989,198.767,5,B:5,-0.13023016813802424
B,5,1990,204.106,5,B:5,-0.08568340788486434
B,5,1991,244.34,5,B:5,0.21684021006316267
B,5,1992,244.82999999999998,5,B:5,0.22021008850469512
B,5,1993,445.603,5,B:5,1.2285706916862733
B,5,1994,221.19699999999997,5,B:5,0.04949680632897072
B,5,1995,236.673,5,B:5,0.16321698050515426
B,5,1996,188.191,5,B:5,-0.2221005752290268
B,5,1997,164.53300000000002,5,B:5,-0.44772310890289696
B,5,1998,168.063,5,B:5,-0.4120845677449639
B,5,1999,255.243,5,B:5,0.29027831535542553
B,5,2000,161.899,5,B:5,-0.4748143849182737
B,5,2001,326.036,5,B:5,0.7022905064589807
B,5,2002,294.996,5,B:5,0.5338599381927681
B,5,2003,162.603,5,B:5,-0.4675309317812693
B,5,2004,299.9337,5,B:5,0.5618021809822696
B,50,1982,413.333,7,B:50,1.1018984517369401
B,50,1983,583.956,7,B:50,1.6843650484527959
B,50,1984,349.17699999999996,7,B:50,0.8177622705162609
B,50,1985,322.13100000000003,7,B:50,0.6820019484096269
B,50,1986,365.46799999999996,7,B:50,0.894563529196018
B,50,1987,450.029,7,B:50,1.2452265280971422
B,50,1988,84.067,7,B:50,-1.572118049736854
B,50,1989,446.504,7,B:50,1.2319746582616304
B,50,1990,197.543,7,B:50,-0.14061050431702513
B,50,1991,405.296,7,B:50,1.0688149982564663
B,50,1992,216.08599999999998,7,B:50,0.01019333347921495
B,50,1993,444.163,7,B:50,1.2231161055617532
B,50,1994,329.897,7,B:50,0.7221136698751766
B,50,1995,632.933,7,B:50,1.8201687983437727
B,50,1996,361.13,7,B:50,0.8744514695316818
B,50,1997,384.69699999999995,7,B:50,0.9809385295710628
B,50,1998,455.27,7,B:50,1.264739274577936
B,50,1999,255.03699999999998,7,B:50,0.2889199716114357
B,50,2000,211.363,7,B:50,-0.026957939919977962
B,50,2001,332.78999999999996,7,B:50,0.7368159209521511
B,50,2002,218.14000000000001,7,B:50,0.02609863644111929
B,50,2003,76.52300000000001,7,B:50,-1.7289626754301182
B,50,2004,111.3333,7,B:50,-1.102534012121542
B,51,1982,444.263,6,B:51,1.2234954659779544
B,51,1983,309.699,6,B:51,0.6157385422185636
B,51,1984,240.29,6,B:51,0.18872663892339564
B,51,1985,506.05000000000007,6,B:51,1.4429667720481811
B,51,1986,542.733,6,B:51,1.5609385630386223
B,51,1987,293.63399999999996,6,B:51,0.5260703908898305
B,51,1988,61.266999999999996,6,B:51,-2.0990869778036165
B,51,1989,299.7,6,B:51,0.5604900523171551
B,51,1990,280.7,6,B:51,0.4502508091261356
B,51,1991,248.433,6,B:51,0.24478465604170135
B,51,1992,165.86700000000002,6,B:51,-0.4341666272682813
B,51,1993,362.42199999999997,6,B:51,0.8804665892168351
B,51,1994,159.542,6,B:51,-0.49943064338240095
B,51,1995,455.43,6,B:51,1.2653314382768446
B,51,1996,216.704,6,B:51,0.014994635930579195
B,51,1997,277.199,6,B:51,0.42912866881949685
B,51,1998,173.267,6,B:51,-0.3608800074579695
B,51,1999,233.14000000000001,6,B:51,0.13792215452647005
B,51,2000,897.5640000000001,6,B:51,2.409371026567889
B,51,2001,175.253,6,B:51,-0.3417409329813642
B,51,2002,282.467,6,B:51,0.4608119543131919
B,51,2003,160.567,6,B:51,-0.48868153812197523
B,51,2004,36.6666,6,B:51,-2.9480568932104196
B,52,1982,90.076,9,B:52,-1.4568377174367917
B,52,1983,182.509,9,B:52,-0.2736027218638587
B,52,1984,418.382,9,B:52,1.1223554971271645
B,52,1985,498.89300000000003,9,B:52,1.4189572625614595
B,52,1986,182.895,9,B:52,-0.270053824592286
B,52,1987,208.633,9,B:52,-0.048810897127421614
B,52,1988,222.23,9,B:52,0.05733064106584517
B,52,1989,124.401,9,B:52,-0.9166700775342103
B,52,1990,317.036,9,B:52,0.6551588890242821
B,52,1991,277.442,9,B:52,0.43060329165023453
B,52,1992,212.445,9,B:52,-0.01837444364779072
B,52,1993,281.565,9,B:52,0.4554290610925907
B,52,1994,649.688,9,B:52,1.864228736899581
B,52,1995,178.303,9,B:52,-0.3127640061414966
B,52,1996,170.176,9,B:52,-0.391106241687453
B,52,1997,112.901,9,B:52,-1.0791261740913742
B,52,1998,95.566,9,B:52,-1.357978742510502
B,52,1999,79.902,9,B:52,-1.6569050098400064
B,52,2000,92.166,9,B:52,-1.4185176627430074
B,52,2001,70.333,9,B:52,-1.8695106739633613
B,52,2002,117.329,9,B:52,-1.0147104677573222
B,52,2003,122.474,9,B:52,-0.9428253329062583
B,52,2004,59.2207,9,B:52,-2.155524387999289
B,53,1982,410.86,7,B:53,1.0917874602131852
B,53,1983,573.604,7,B:53,1.6542077509764115
B,53,1984,408.731,7,B:53,1.0830341805478987
B,53,1985,767.967,7,B:53,2.1463154197261765
B,53,1986,632.583,7,B:53,1.8192360500802993
B,53,1987,608.137,7,B:53,1.7527791022475345
B,53,1988,290.406,7,B:53,0.5074640701762875
B,53,1989,480.194,7,B:53,1.3545680223387466
B,53,1990,299.74399999999997,7,B:53,0.5607371719923712
B,53,1991,548.644,7,B:53,1.57920042688222
B,53,1992,528.003,7,B:53,1.514552551396577
B,53,1993,431.037,7,B:53,1.172566701741832
B,53,1994,518.71,7,B:53,1.484618844812361
B,53,1995,600.3000000000001,7,B:53,1.7309083576598996
B,53,1996,479.07000000000005,7,B:53,1.350618235347198
B,53,1997,546.363,7,B:53,1.5721767203671617
B,53,1998,626.1299999999999,7,B:53,1.8019458877489711
B,53,1999,504.217,7,B:53,1.4368500646682376
B,53,2000,625.9639999999999,7,B:53,1.801498763890373
B,53,2001,845.9200000000001,7,B:53,2.309398511079041
B,53,2002,617.6270000000001,7,B:53,1.7788892789287374
B,53,2003,378.239,7,B:53,0.9524196077417101
B,53,2004,279.2536,7,B:53,0.4415564263095718
B,54,1982,204.124,1,B:54,-0.08553519193816163
B,54,1983,91.51,1,B:54,-1.4304520388071884
B,54,1984,334.117,1,B:54,0.7435171674887888
B,54,1985,211.277,1,B:54,-0.027642052221674047
B,54,1986,290.48900000000003,1,B:54,0.507945061906221
B,54,1987,172.09799999999998,1,B:54,-0.3722478994135144
B,54,1988,235.964,1,B:54,0.1581711249756245
B,54,1989,88.867,1,B:54,-1.4794081987972059
B,54,1990,216.573,1,B:54,0.013978023459390199
B,54,1991,233.45399999999998,1,B:54,0.1401856666949479
B,54,1992,205.794,1,B:54,-0.07184032161100315
B,54,1993,200.19500000000002,1,B:54,-0.11819986219559141
B,54,1994,252.898,1,B:54,0.2747506729524864
B,54,1995,153.433,1,B:54,-0.5649543338501818
B,54,1996,143.96699999999998,1,B:54,-0.6717882919233287
B,54,1997,137.466,1,B:54,-0.7492800962226849
B,54,1998,114.701,1,B:54,-1.0526438814855885
B,54,1999,240.183,1,B:54,0.18797750301564822
B,54,2000,155.401,1,B:54,-0.5435672178984684
B,54,2001,127.866,1,B:54,-0.8706348843674584
B,54,2002,175.003,1,B:54,-0.344138283439908
B,54,2003,147.927,1,B:54,-0.6262705619643643
B,54,2004,169.76770000000002,1,B:54,-0.39513967446855863
B,6,1982,164.11,9,B:6,-0.4520445750530143
B,6,1983,90.633,9,B:6,-1.4465398702258128
B,6,1984,136.40900000000002,9,B:6,-0.7622224900299598
B,6,1985,178.354,9,B:6,-0.3122836750363058
B,6,1986,303.431,9,B:6,0.5813172670399421
B,6,1987,136.465,9,B:6,-0.7615343065950875
B,6,1988,359.796,9,B:6,0.8682182514463492
B,6,1989,123.266,9,B:6,-0.9320264117135644
B,6,1990,189.243,9,B:6,-0.21273508635168092
B,6,1991,137.517,9,B:6,-0.7486581298421492
B,6,1992,270.614,9,B:6,0.3886700189584929
B,6,1993,231.86300000000003,9,B:6,0.12868534148729835
B,6,1994,141.107,9,B:6,-0.705442268290572
B,6,1995,188.346,9,B:6,-0.22071741265075262
B,6,1996,553.713,9,B:6,1.59470521004177
B,6,1997,91.93299999999999,9,B:6,-1.4227468990558332
B,6,1998,114.63299999999998,9,B:6,-1.0536368130160159
B,6,1999,137.267,9,B:6,-0.7517091774857602
B,6,2000,83.199,9,B:6,-1.5894402735126454
B,6,2001,93.066,9,B:6,-1.402280295176337
B,6,2002,79.313,9,B:6,-1.6692463301285518
B,6,2003,85.747,9,B:6,-1.5390876052163458
B,6,2004,58.5663,9,B:6,-2.173978271168119
B,7,1982,238.88,6,B:7,0.17882808718047347
B,7,1983,169.574,6,B:7,-0.3970565334505768
B,7,1984,194.45399999999998,6,B:7,-0.1670945138743317
B,7,1985,440.99399999999997,6,B:7,1.2110498242356564
B,7,1986,348.794,6,B:7,0.8159139868998783
B,7,1987,374.46999999999997,6,B:7,0.9355501911682333
B,7,1988,147.733,6,B:7,-0.6284721251682455
B,7,1989,384.0,6,B:7,0.9778836149855104
B,7,1990,300.36400000000003,6,B:7,0.5642154740158147
B,7,1991,324.15000000000003,6,B:7,0.692522155129403
B,7,1992,336.96700000000004,6,B:7,0.7578201969262642
B,7,1993,297.43,6,B:7,0.5476916218612383
B,7,1994,245.42000000000002,6,B:7,0.22425879541363003
B,7,1995,431.867,6,B:7,1.175808307267875
B,7,1996,325.87,6,B:7,0.7014329896949595
B,7,1997,244.697,6,B:7,0.2192960718346912
B,7,1998,180.133,6,B:7,-0.2956135172684493
B,7,1999,172.22,6,B:7,-0.37105793320782837
B,7,2000,172.133,6,B:7,-0.37190642989694783
B,7,2001,240.937,6,B:7,0.19324939527222343
B,7,2002,271.46999999999997,6,B:7,0.3939844651264761
B,7,2003,144.847,6,B:7,-0.661566700162063
B,7,2004,191.4966,6,B:7,-0.19284538334466722
B,8,1982,607.567,7,B:8,1.7511979161079796
B,8,1983,425.54600000000005,7,B:8,1.1509631616251157
B,8,1984,251.79,7,B:8,0.26736398627783825
B,8,1985,276.72,7,B:8,0.4262181263051684
B,8,1986,286.884,7,B:8,0.48692652577725365
B,8,1987,338.82,7,B:8,0.7670551163503087
B,8,1988,3.134,7,B:8,-6.679865968703486
B,8,1989,191.134,7,B:8,-0.19602982972040042
B,8,1990,108.05999999999999,7,B:8,-1.1524802554658828
B,8,1991,150.616,7,B:8,-0.596047001969115
B,8,1992,235.364,7,B:8,0.15388919923959077
B,8,1993,401.26599999999996,7,B:8,1.051978756261116
B,8,1994,238.96699999999998,7,B:8,0.17944053108614857
B,8,1995,491.01,7,B:8,1.3921111559576758
B,8,1996,348.59999999999997,7,B:8,0.8149770082765463
B,8,1997,281.57,7,B:8,0.4554589470823571
B,8,1998,264.72999999999996,7,B:8,0.35167975220729125
B,8,1999,105.296,7,B:8,-1.1958368092527172
B,8,2000,135.53,7,B:8,-0.7730614183319671
B,8,2001,110.6,7,B:8,-1.1135955217368025
B,8,2002,130.59699999999998,7,B:8,-0.8352154662866487
B,8,2003,133.47299999999998,7,B:8,-0.7987014393985288
B,8,2004,199.947,7,B:8,-0.12028301988618056
B,9,1982,98.869,5,B:9,-1.3011745381017066
B,9,1983,438.31699999999995,5,B:9,1.2007892808736293
B,9,1984,226.226,5,B:9,0.08729702504601301
B,9,1985,412.124,5,B:9,1.0969629532899388
B,9,1986,517.61,5,B:9,1.481040258700191
B,9,1987,365.567,5,B:9,0.8950197344997266
B,9,1988,50.0,5,B:9,-2.4362138319262914
B,9,1989,156.066,5,B:9,-0.5364011599918443
B,9,1990,159.31400000000002,5,B:9,-0.5018309935336634
B,9,1991,233.364,5,B:9,0.13953719939502213
B,9,1992,184.20999999999998,5,B:9,-0.2580193397031235
B,9,1993,887.113,5,B:9,2.3896119520884893
B,9,1994,118.333,5,B:9,-1.0004403882516368
B,9,1995,224.84300000000002,5,B:9,0.07698582944989837
B,9,1996,275.866,5,B:9,0.42101649991039247
B,9,1997,219.10399999999998,5,B:9,0.03351210990454315
B,9,1998,149.934,5,B:9,-0.6036614389546915
B,9,1999,193.746,5,B:9,-0.17322360831416012
B,9,2000,183.566,5,B:9,-0.2639023204923496
B,9,2001,90.30000000000001,5,B:9,-1.4526888420149981
B,9,2002,260.733,5,B:9,0.3260820899419246
B,9,2003,199.096,5,B:9,-0.1274508733055861
B,9,2004,150.77009999999999,5,B:9,-0.5943312407756819
C,1,1982,310.238,6,C:1,0.6186660113438237
C,1,1983,298.742,6,C:1,0.555100599692081
C,1,1984,253.91099999999997,6,C:1,0.2814758710041144
C,1,1985,232.71999999999997,6,C:1,0.13488977654469073
C,1,1986,191.80800000000002,6,C:1,-0.19011537262184203
C,1,1987,502.14,6,C:1,1.4298922535131562
C,1,1988,59.5,6,C:1,-2.1477091931649888
C,1,1989,251.263,6,C:1,0.2638392740784789
C,1,1990,226.12,6,C:1,0.08650894740116986
C,1,1991,440.873,6,C:1,1.2105873917903207
C,1,1992,471.834,6,C:1,1.3249670404772143
C,1,1993,561.403,6,C:1,1.617958519524651
C,1,1994,454.094,6,C:1,1.2603804886780656
C,1,1995,533.94,6,C:1,1.5334021904813462
C,1,1996,332.24399999999997,6,C:1,0.7340509242836113
C,1,1997,187.634,6,C:1,-0.22708040689807665
C,1,1998,296.44,6,C:1,0.5420794118074782
C,1,1999,175.2,6,C:1,-0.34224888712252083
C,1,2000,131.183,6,C:1,-0.8277112332784281
C,1,2001,325.748,6,C:1,0.7008024888455956
C,1,2002,572.037,6,C:1,1.6495954986869155
C,1,2003,80.22,6,C:1,-1.6502792518614724
C,1,2004,611.3692,6,C:1,1.7617173709819864
C,10,1982,181.46,4,C:10,-0.28328510407179575
C,10,1983,264.231,4,C:10,0.34850516037254575
C,10,1984,272.942,4,C:10,0.4030844040208632
C,10,1985,187.246,4,C:10,-0.23055799892736298
C,10,1986,237.637,4,C:10,0.17005354273547846
C,10,1987,467.134,4,C:10,1.3080946561569187
C,10,1988,23.434,4,C:10,-3.67903648015105
C,10,1989,357.769,4,C:10,0.8587026835910894
C,10,1990,190.615,4,C:10,-0.20059829375058424
C,10,1991,252.001,4,C:10,0.2687731492638076
C,10,1992,199.277,4,C:10,-0.12592378670588777
C,10,1993,259.13000000000005,4,C:10,0.31570613145086157
C,10,1994,242.21,4,C:10,0.20211290843875165
C,10,1995,308.934,4,C:10,0.6115748690184476
C,10,1996,230.73600000000002,4,C:10,0.12049133428852464
C,10,1997,272.0,4,C:10,0.3972665890911966
C,10,1998,301.0,4,C:10,0.56777611122727
C,10,1999,317.298,4,C:10,0.656549693344865
C,10,2000,283.221,4,C:10,0.46529849624604125
C,10,2001,143.20000000000002,4,C:10,-0.6807480750384368
C,10,2002,377.199,4,C:10,0.9477815476976605
C,10,2003,279.637,4,C:10,0.44386542591368167
C,10,2004,278.93,4,C:10,0.43960510847010376
C,11,1982,234.81,2,C:11,0.14992589201655004
C,11,1983,202.321,2,C:11,-0.10044646789624907
C,11,1984,163.078,2,C:11,-0.46263435580526774
C,11,1985,128.19,2,C:11,-0.8663937588944379
C,11,1986,233.739,2,C:11,0.1422375054724417
C,11,1987,271.203,2,C:11,0.3923285987303225
C,11,1988,56.8,2,C:11,-2.2248180543607634
C,11,1989,149.366,2,C:11,-0.6100293877485883
C,11,1990,169.277,2,C:11,-0.39999988292649064
C,11,1991,245.166,2,C:11,0.22251698238515483
C,11,1992,204.533,2,C:11,-0.08217089697461351
C,11,1993,293.70300000000003,2,C:11,0.526465880636571
C,11,1994,263.23199999999997,2,C:11,0.34213162747950043
C,11,1995,338.10900000000004,2,C:11,0.763517626163328
C,11,1996,199.294,2,C:11,-0.1257804295880587
C,11,1997,205.531,2,C:11,-0.0739897054377429
C,11,1998,202.534,2,C:11,-0.09867802993246721
C,11,1999,182.39600000000002,2,C:11,-0.2746430603644334
C,11,2000,240.667,2,C:11,0.1913634730891769
C,11,2001,288.467,2,C:11,0.49618825169477926
C,11,2002,214.734,2,C:11,-0.00035832260153456327
C,11,2003,204.934,2,C:11,-0.07887890063287986
C,11,2004,153.067,2,C:11,-0.5689618563077699
C,12,1982,524.85,7,C:12,1.5044557650660366
C,12,1983,491.607,7,C:12,1.3941592830314955
C,12,1984,248.76,7,C:12,0.24699738985259997
C,12,1985,235.07899999999998,7,C:12,0.1518514753450569
C,12,1986,290.9,7,C:12,0.5103248237756587
C,12,1987,533.563,7,C:12,1.532211471696746
C,12,1988,191.537,7,C:12,-0.1924909516259256
C,12,1989,429.533,7,C:12,1.1666768580286984
C,12,1990,533.533,7,C:12,1.5321166834710052
C,12,1991,414.5,7,C:12,1.1066488528813825
C,12,1992,580.1500000000001,7,C:12,1.6733399585354631
C,12,1993,431.63,7,C:12,1.174883326647031
C,12,1994,110.597,7,C:12,-1.1136409245482053
C,12,1995,292.334,7,C:12,0.518601773463933
C,12,1996,248.88000000000002,7,C:12,0.24780867569768222
C,12,1997,332.437,7,C:12,0.73502881221641
C,12,1998,294.563,7,C:12,0.5313874185428044
C,12,1999,240.297,7,C:12,0.18877563623654198
C,12,2000,299.4,7,C:12,0.558804181058219
C,12,2001,298.133,7,C:12,0.5516655651987341
C,12,2002,280.634,7,C:12,0.4498550528438349
C,12,2003,279.67,7,C:12,0.4440640186345721
C,12,2004,696.5067,7,C:12,1.9815809410788003
C,13,1982,364.9,6,C:13,0.891943724557617
C,13,1983,357.466,6,C:13,0.8572756604232418
C,13,1984,319.63800000000003,6,C:13,0.6689208493773997
C,13,1985,354.79699999999997,6,C:13,0.8446532503414306
C,13,1986,418.94599999999997,6,C:13,1.1246253478773014
C,13,1987,458.437,6,C:13,1.2764219713566933
C,13,1988,44.733000000000004,6,C:13,-2.6203199575732663
C,13,1989,220.1,6,C:13,0.04113764771803484
C,13,1990,190.1,6,C:13,-0.2051437957277315
C,13,1991,289.099,6,C:13,0.4998717815531696
C,13,1992,325.526,6,C:13,0.6996545798445094
C,13,1993,534.096,6,C:13,1.5338946562592541
C,13,1994,258.067,6,C:13,0.3087901862897432
C,13,1995,363.872,6,C:13,0.8871918896195496
C,13,1996,351.347,6,C:13,0.8281962455594986
C,13,1997,128.866,6,C:13,-0.8575791332984122
C,13,1998,398.401,6,C:13,1.0399066704827353
C,13,1999,277.76,6,C:13,0.43253110216420715
C,13,2000,451.587,6,C:13,1.2510506950458684
C,13,2001,146.06599999999997,6,C:13,-0.6475088985553219
C,13,2002,684.123,6,C:13,1.9513253251538887
C,13,2003,234.13,6,C:13,0.14504843468274875
C,13,2004,426.4999,6,C:13,1.154736030061907
C,14,1982,464.279,5,C:14,1.297762678324149
C,14,1983,182.5,5,C:14,-0.2736855572000328
C,14,1984,335.617,5,C:14,0.75106017419965
C,14,1985,300.97700000000003,5,C:14,0.5676474767815197
C,14,1986,408.46299999999997,5,C:14,1.0819290899327176
C,14,1987,415.933,5,C:14,1.1124638188153524
C,14,1988,46.033,5,C:14,-2.5729794622279973
C,14,1989,257.13,5,C:14,0.3026704330216281
C,14,1990,217.096,5,C:14,0.018033062899689825
C,14,1991,246.634,5,C:14,0.23255911826220171
C,14,1992,339.196,5,C:14,0.768922865734456
C,14,1993,465.56399999999996,5,C:14,1.3024207964726773
C,14,1994,479.062,5,C:14,1.3505900898524905
C,14,1995,425.46,5,C:14,1.1506225996070227
C,14,1996,295.33,5,C:14,0.5357646775714311
C,14,1997,319.733,5,C:14,0.6694211881205855
C,14,1998,502.69800000000004,5,C:14,1.4317643338816448
C,14,1999,282.13,5,C:14,0.45880283593953086
C,14,2000,368.046,5,C:14,0.9064033080833138
C,14,2001,652.864,5,C:14,1.8724524850326747
C,14,2002,634.657,5,C:14,1.8247557470050766
C,14,2003,648.894,5,C:14,1.8621665279785744
C,14,2004,421.59329999999994,5,C:14,1.135238985736091
C,15,1982,570.204,8,C:15,1.6441842788841738
C,15,1983,470.33000000000004,8,C:15,1.3195861938867703
C,15,1984,191.56000000000003,8,C:15,-0.19228920441237818
C,15,1985,68.577,8,C:15,-1.911608049715409
C,15,1986,499.057,8,C:15,1.419511269764306
C,15,1987,713.8290000000001,8,C:15,2.023013260015534
C,15,1988,19.067,8,C:15,-4.011591267960956
C,15,1989,205.667,8,C:15,-0.07287789548542525
C,15,1990,504.613,8,C:15,1.4381733909243963
C,15,1991,329.127,8,C:15,0.7181788619472401
C,15,1992,231.846,8,C:15,0.12856203550859302
C,15,1993,352.337,8,C:15,0.8329351183716769
C,15,1994,247.50600000000003,8,C:15,0.23849605653844755
C,15,1995,296.27,8,C:15,0.5411138200808361
C,15,1996,279.84000000000003,8,C:15,0.4450867022157302
C,15,1997,877.637,8,C:15,2.3714942146916544
C,15,1998,705.867,8,C:15,2.004095495455988
C,15,1999,440.4069999999999,8,C:15,1.2088052699029208
C,15,2000,319.583,8,C:15,0.668631111818041
C,15,2001,515.4,8,C:15,1.473827552671479
C,15,2002,544.524,8,C:15,1.5664926856338843
C,15,2003,254.09900000000002,8,C:15,0.2827210420726249
C,15,2004,273.637,8,C:15,0.40736393034791374
C,16,1982,296.43399999999997,5,C:16,0.5420453414957941
C,16,1983,232.129,5,C:16,0.13061354587530763
C,16,1984,181.956,5,C:16,-0.27870005246875235
C,16,1985,198.417,5,C:16,-0.1331918941110987
C,16,1986,230.197,5,C:16,0.11655836400500665
C,16,1987,428.174,5,C:16,1.1613371292363943
C,16,1988,138.5,5,C:16,-0.7367145692016397
C,16,1989,179.5,5,C:16,-0.30152621861823803
C,16,1990,234.867,5,C:16,0.15033409859766964
C,16,1991,274.67699999999996,5,C:16,0.41374764019030436
C,16,1992,271.252,5,C:16,0.3926326059760072
C,16,1993,237.869,5,C:16,0.17169473337020721
C,16,1994,260.86,5,C:16,0.32690142161101327
C,16,1995,420.605,5,C:16,1.1312844603805796
C,16,1996,265.33,5,C:16,0.35548901266353516
C,16,1997,391.43,5,C:16,1.0101678563417849
C,16,1998,222.39600000000002,5,C:16,0.05858613306781089
C,16,1999,361.45,5,C:16,0.8759432795115182
C,16,2000,331.467,5,C:16,0.7301083005962608
C,16,2001,373.467,5,C:16,0.9310323989312892
C,16,2002,281.003,5,C:16,0.4520665010764635
C,16,2003,558.734,5,C:16,1.6099241212906477
C,16,2004,296.366,5,C:16,0.5416591632559741
C,17,1982,273.011,2,C:17,0.40350976302253155
C,17,1983,202.567,2,C:17,-0.09840421217102362
C,17,1984,138.84,2,C:17,-0.7326031113102769
C,17,1985,176.109,2,C:17,-0.33355808253571495
C,17,1986,267.149,2,C:17,0.3669851931535424
C,17,1987,264.634,2,C:17,0.3510694724649634
C,17,1988,53.0,2,C:17,-2.3396754496762675
C,17,1989,232.401,2,C:17,0.1325829698529359
C,17,1990,271.06,2,C:17,0.39144108091345514
C,17,1991,341.168,2,C:17,0.7786849343810444
C,17,1992,229.43599999999998,2,C:17,0.11098986627194143
C,17,1993,359.361,2,C:17,0.8661806964948733
C,17,1994,217.6,2,C:17,0.021931597197315914
C,17,1995,331.754,2,C:17,0.7315656571451506
C,17,1996,164.34,2,C:17,-0.449693470221753
C,17,1997,250.133,2,C:17,0.25625665469702347
C,17,1998,199.23499999999999,2,C:17,-0.12627801528996274
C,17,1999,183.344,2,C:17,-0.265935063346785
C,17,2000,169.267,2,C:17,-0.400099074918313
C,17,2001,163.767,2,C:17,-0.45555687893920954
C,17,2002,277.517,2,C:17,0.43105816226716054
C,17,2003,297.234,2,C:17,0.546581997211814
C,17,2004,233.5987,2,C:17,0.14122773634800087
C,18,1982,286.806,9,C:18,0.48646885228056225
C,18,1983,161.233,9,C:18,-0.4817337295975582
C,18,1984,104.601,9,C:18,-1.206916085672164
C,18,1985,148.772,9,C:18,-0.6167146103338472
C,18,1986,213.809,9,C:18,-0.007615633231329945
C,18,1987,351.136,9,C:18,0.8271845221597816
C,18,1988,98.5,9,C:18,-1.30742653963006
C,18,1989,228.838,9,C:18,0.10660117703843623
C,18,1990,165.953,9,C:18,-0.4332963934589009
C,18,1991,272.032,9,C:18,0.39746455104327105
C,18,1992,200.418,9,C:18,-0.11632889161911755
C,18,1993,275.264,9,C:18,0.4173401292386717
C,18,1994,142.366,9,C:18,-0.6905447697762549
C,18,1995,393.103,9,C:18,1.017352901320532
C,18,1996,196.051,9,C:18,-0.1533505513215077
C,18,1997,129.101,9,C:18,-0.8545256215023804
C,18,1998,386.76300000000003,9,C:18,0.9899613712136061
C,18,1999,135.56199999999998,9,C:18,-0.7726656046099026
C,18,2000,151.41899999999998,9,C:18,-0.5871254005393993
C,18,2001,206.26999999999998,9,C:18,-0.0679571237947095
C,18,2002,329.39,9,C:18,0.7195238598764954
C,18,2003,303.43100000000004,9,C:18,0.5813172670399421
C,18,2004,234.2699,9,C:18,0.14605305128387283
C,19,1982,204.319,4,C:19,-0.08393035232875455
C,19,1983,313.963,4,C:19,0.6387600617283263
C,19,1984,172.876,4,C:19,-0.36467376102352983
C,19,1985,252.178,4,C:19,0.2699543372049062
C,19,1986,322.72999999999996,4,C:19,0.6851299417710954
C,19,1987,343.371,4,C:19,0.7895242189613216
C,19,1988,100.73299999999999,4,C:19,-1.26994156754477
C,19,1989,334.397,4,C:19,0.7449277550518784
C,19,1990,253.813,4,C:19,0.28082642829966276
C,19,1991,350.90000000000003,4,C:19,0.8260522078484638
C,19,1992,191.25199999999998,4,C:19,-0.19499286423041615
C,19,1993,236.639,4,C:19,0.16297535098976604
C,19,1994,181.865,4,C:19,-0.27954032973273607
C,19,1995,532.26,4,C:19,1.528089593023204
C,19,1996,295.501,4,C:19,0.5367390277317563
C,19,1997,395.0,4,C:19,1.025463152383879
C,19,1998,250.433,4,C:19,0.2582730609998246
C,19,1999,196.41,4,C:19,-0.1502762931145434
C,19,2000,169.808,4,C:19,-0.3947411381312985
C,19,2001,189.46300000000002,4,C:19,-0.210783072695211
C,19,2002,276.56199999999995,4,C:19,0.42525697148774155
C,19,2003,183.804,4,C:19,-0.2617257875648938
C,19,2004,269.26370000000003,4,C:19,0.3802525847268014
C,2,1982,252.57,3,C:2,0.272567364548163
C,2,1983,279.932,3,C:2,0.44563989637491064
C,2,1984,208.507,3,C:2,-0.049826353555480166
C,2,1985,196.689,3,C:2,-0.14789096465969087
C,2,1986,242.927,3,C:2,0.2070847604818913
C,2,1987,341.23,3,C:2,0.778990942396884
C,2,1988,122.03399999999999,3,C:2,-0.9488547032925637
C,2,1989,205.768,3,C:2,-0.07205268642695574
C,2,1990,145.662,3,C:2,-0.6521549726843342
C,2,1991,327.601,3,C:2,0.7103535973661005
C,2,1992,251.768,3,C:2,0.2672169916246338
C,2,1993,393.663,3,C:2,1.019751125415424
C,2,1994,374.839,3,C:2,0.9372092342112949
C,2,1995,539.834,3,C:2,1.5519094995344016
C,2,1996,211.23000000000002,3,C:2,-0.028016044682623753
C,2,1997,259.88,3,C:2,0.3205686956510655
C,2,1998,317.5,3,C:2,0.6576212115083776
C,2,1999,251.74,3,C:2,0.2670298890159188
C,2,2000,289.168,3,C:2,0.5002734530955935
C,2,2001,197.69899999999998,3,C:2,-0.13928396750952582
C,2,2002,286.013,3,C:2,0.48180878494581536
C,2,2003,346.089,3,C:2,0.8028022742093376
C,2,2004,290.833,3,C:2,0.5099371107402939
C,20,1982,604.311,3,C:20,1.7421372476079353
C,20,1983,260.963,3,C:20,0.3275656271772373
C,20,1984,199.307,3,C:20,-0.12567081176642325
C,20,1985,231.453,3,C:20,0.12570897896761246
C,20,1986,254.59600000000003,3,C:20,0.28600838313016624
C,20,1987,186.433,3,C:20,-0.23786811290332238
C,20,1988,89.94200000000001,3,C:20,-1.4593245147114116
C,20,1989,286.765,3,C:20,0.48622823057687287
C,20,1990,156.588,3,C:20,-0.5307972972628535
C,20,1991,288.43399999999997,3,C:20,0.4959956946178741
C,20,1992,270.487,3,C:20,0.38788011740055106
C,20,1993,269.83,3,C:20,0.38378786692792927
C,20,1994,177.57,3,C:20,-0.31968272194978
C,20,1995,257.50300000000004,3,C:20,0.3051092353888813
C,20,1996,168.62,3,C:20,-0.4065292099808458
C,20,1997,427.501,3,C:20,1.158686541122403
C,20,1998,468.763,3,C:20,1.313961657914086
C,20,1999,517.37,3,C:20,1.4802584676163135
C,20,2000,159.826,3,C:20,-0.4964454967620296
C,20,2001,137.086,3,C:20,-0.7539215807849993
C,20,2002,149.254,3,C:20,-0.6112878784651884
C,20,2003,173.563,3,C:20,-0.35801366661995004
C,20,2004,276.799,3,C:20,0.42669849867634274
C,21,1982,736.273,8,C:21,2.0752273324767163
C,21,1983,216.467,8,C:21,0.013154972875044559
C,21,1984,184.947,8,C:21,-0.25131184641296894
C,21,1985,351.77,8,C:21,0.8302226637626504
C,21,1986,425.163,8,C:21,1.1494459442753127
C,21,1987,320.563,8,C:21,0.6737862756905691
C,21,1988,43.433,8,C:21,-2.6690257359449587
C,21,1989,117.767,8,C:21,-1.0084702431550479
C,21,1990,323.113,8,C:21,0.68712694560205
C,21,1991,512.797,8,C:21,1.4652925304641942
C,21,1992,343.533,8,C:21,0.7903185584630149
C,21,1993,54.833,8,C:21,-2.2832961356052297
C,21,1994,516.193,8,C:21,1.4764191860044455
C,21,1995,441.63300000000004,8,C:21,1.2134898285103146
C,21,1996,219.844,8,C:21,0.039180955058669434
C,21,1997,255.26600000000002,8,C:21,0.2904299073209432
C,21,1998,389.996,8,C:21,1.0039848242630456
C,21,1999,104.037,8,C:21,-1.2159607668627668
C,21,2000,380.067,8,C:21,0.9605411489912696
C,21,2001,347.238,8,C:21,0.8083841629309462
C,21,2002,231.07399999999998,8,C:21,0.12295298547070174
C,21,2003,211.4,8,C:21,-0.026663697766979192
C,21,2004,336.5066,8,C:21,0.7555178177623649
C,22,1982,447.293,7,C:22,1.2349498664171152
C,22,1983,397.4,7,C:22,1.0356683911831557
C,22,1984,435.69,7,C:22,1.1906594162350235
C,22,1985,269.47,7,C:22,0.38154132575885524
C,22,1986,390.03,7,C:22,1.0041316856309472
C,22,1987,402.033,7,C:22,1.0551960312253947
C,22,1988,38.993,7,C:22,-2.846836261336301
C,22,1989,311.767,7,C:22,0.6269429574801535
C,22,1990,413.468,7,C:22,1.1024486679074759
C,22,1991,536.3960000000001,7,C:22,1.5411387537170322
C,22,1992,498.4,7,C:22,1.4172907677982332
C,22,1993,274.827,7,C:22,0.4146663798137668
C,22,1994,239.396,7,C:22,0.1824572698453883
C,22,1995,160.424,7,C:22,-0.4901770693597095
C,22,1996,240.066,7,C:22,0.18715797391698583
C,22,1997,854.933,7,C:22,2.3272776299492874
C,22,1998,507.5,7,C:22,1.447789767260754
C,22,1999,163.53300000000002,7,C:22,-0.45795722602131195
C,22,2000,249.70299999999997,7,C:22,0.253362267736781
C,22,2001,220.837,7,C:22,0.04675815833811642
C,22,2002,396.76300000000003,7,C:22,1.0329657562985035
C,22,2003,587.24,7,C:22,1.6938205278601541
C,22,2004,210.853,7,C:22,-0.03101894174524489
C,23,1982,494.616,8,C:23,1.4044446174361627
C,23,1983,557.06,8,C:23,1.6048653639430555
C,23,1984,401.88599999999997,8,C:23,1.0545798963545039
C,23,1985,190.91,8,C:23,-0.19800005971812096
C,23,1986,390.003,8,C:23,1.004015061470969
C,23,1987,508.63,8,C:23,1.4515388517805832
C,23,1988,190.53,8,C:23,-0.20134767981791032
C,23,1989,327.1,8,C:23,0.7077765643864489
C,23,1990,735.397,8,C:23,2.073219378479566
C,23,1991,599.833,8,C:23,1.7295961147734817
C,23,1992,712.433,8,C:23,2.0197116367292676
C,23,1993,248.23000000000002,8,C:23,0.2434095418618923
C,23,1994,157.367,8,C:23,-0.5224688709197456
C,23,1995,718.47,8,C:23,2.033943337291979
C,23,1996,192.2,8,C:23,-0.18668501218576056
C,23,1997,494.33,8,C:23,1.4034697043493587
C,23,1998,447.933,8,C:23,1.2373593725799872
C,23,1999,134.547,8,C:23,-0.7852657336889561
C,23,2000,226.837,8,C:23,0.09183246884364948
C,23,2001,165.003,8,C:23,-0.4429344125523474
C,23,2002,329.8,8,C:23,0.721618490650264
C,23,2003,423.367,8,C:23,1.142313027035788
C,23,2004,305.5267,8,C:23,0.592904227315581
C,24,1982,418.453,6,C:24,1.12264140864482
C,24,1983,355.16900000000004,6,C:24,0.8464182050654809
C,24,1984,280.526,6,C:24,0.4492072515597755
C,24,1985,236.79,6,C:24,0.16404820625463198
C,24,1986,260.76300000000003,6,C:24,0.3262756687143919
C,24,1987,470.027,6,C:24,1.3185000758485166
C,24,1988,160.82999999999998,6,C:24,-0.4859344682785975
C,24,1989,219.436,6,C:24,0.036057783174642595
C,24,1990,380.41,6,C:24,0.9620607068660278
C,24,1991,394.426,6,C:24,1.0230132346641083
C,24,1992,433.52,6,C:24,1.1822457045815933
C,24,1993,226.333,6,C:24,0.08809216461990554
C,24,1994,229.97199999999998,6,C:24,0.11491387268851774
C,24,1995,339.33000000000004,6,C:24,0.7695880009245996
C,24,1996,347.0,6,C:24,0.8072294631192888
C,24,1997,294.77,6,C:24,0.5325698829883697
C,24,1998,290.17,6,C:24,0.5060956820994853
C,24,1999,211.96699999999998,6,C:24,-0.02216103557335277
C,24,2000,307.70099999999996,6,C:24,0.6048423279922515
C,24,2001,102.166,6,C:24,-1.2463170321485695
C,24,2002,326.73699999999997,6,C:24,0.7059069131590264
C,24,2003,277.663,6,C:24,0.43194329253211916
C,24,2004,199.93,6,C:24,-0.12042591112913645
C,25,1982,650.274,7,C:25,1.865749106511111
C,25,1983,291.337,7,C:25,0.5128514575916501
C,25,1984,305.82000000000005,7,C:25,0.5945195374100151
C,25,1985,197.503,7,C:25,-0.14095080985107217
C,25,1986,386.064,7,C:25,0.9869140208340625
C,25,1987,416.699,7,C:25,1.115563975927404
C,25,1988,25.833,7,C:25,-3.5208535994786145
C,25,1989,256.697,7,C:25,0.299834906122213
C,25,1990,322.937,7,C:25,0.6862095555899846
C,25,1991,302.369,7,C:25,0.5754150645234005
C,25,1992,365.173,7,C:25,0.8932033984298817
C,25,1993,602.101,7,C:25,1.7359595368235603
C,25,1994,268.554,7,C:25,0.3758116153449489
C,25,1995,688.7289999999999,7,C:25,1.9626420160212708
C,25,1996,191.59599999999998,7,C:25,-0.19197347453693306
C,25,1997,156.637,7,C:25,-0.5302722175076441
C,25,1998,525.033,7,C:25,1.5050434350400705
C,25,1999,223.15300000000002,7,C:25,0.06429967667744463
C,25,2000,234.867,7,C:25,0.15033409859766964
C,25,2001,181.404,7,C:25,-0.28380355404862423
C,25,2002,272.724,7,C:25,0.40173981184289237
C,25,2003,218.363,7,C:25,0.027816474322758248
C,25,2004,245.3,7,C:25,0.22343611547399386
C,26,1982,104.688,1,C:26,-1.205525197437592
C,26,1983,167.07500000000002,1,C:26,-0.4219837729196832
C,26,1984,159.825,1,C:26,-0.49645599859092293
C,26,1985,177.251,1,C:26,-0.3227026057801233
C,26,1986,208.29999999999998,1,C:26,-0.0514959299387966
C,26,1987,275.833,1,C:26,0.42081517846247946
C,26,1988,110.207,1,C:26,-1.1195537071462238
C,26,1989,184.7,1,C:26,-0.25355684581532745
C,26,1990,162.129,1,C:26,-0.4724313914486423
C,26,1991,319.195,1,C:26,0.6665857317002175
C,26,1992,184.454,1,C:26,-0.25579572608594225
C,26,1993,330.798,1,C:26,0.7267062972345331
C,26,1994,127.2,1,C:26,-0.8793863422076797
C,26,1995,441.84999999999997,1,C:26,1.2143176360139656
C,26,1996,241.68599999999998,1,C:26,0.1984700862314814
C,26,1997,197.784,1,C:26,-0.1385616132844855
C,26,1998,243.26500000000001,1,C:26,0.20942346823441657
C,26,1999,263.796,1,C:26,0.3457328541167443
C,26,2000,153.30700000000002,1,C:26,-0.566332899692199
C,26,2001,174.934,1,C:26,-0.3448005518083831
C,26,2002,118.446,1,C:26,-0.9988418162918731
C,26,2003,170.297,1,C:26,-0.3899127788666893
C,26,2004,89.9671,1,C:26,-1.4588584254006043
C,27,1982,259.027,2,C:27,0.31503724464864746
C,27,1983,225.433,2,C:27,0.08139237800007408
C,27,1984,111.253,2,C:27,-1.1037417763080342
C,27,1985,206.147,2,C:27,-0.06895970002912882
C,27,1986,183.02,2,C:27,-0.2689061668808154
C,27,1987,188.76500000000001,2,C:27,-0.21698407166626282
C,27,1988,102.768,2,C:27,-1.2364901509044492
C,27,1989,185.963,2,C:27,-0.2421086096065625
C,27,1990,205.58,2,C:27,-0.07358904250386171
C,27,1991,238.64,2,C:27,0.17713743450409072
C,27,1992,147.116,2,C:27,-0.6354931424684791
C,27,1993,280.434,2,C:27,0.4486552247920127
C,27,1994,413.28900000000004,2,C:27,1.1017190832844783
C,27,1995,356.541,2,C:27,0.8529117628339239
C,27,1996,168.51,2,C:27,-0.40762487131195835
C,27,1997,290.634,2,C:27,0.5087850201244222
C,27,1998,197.767,2,C:27,-0.13870605941604022
C,27,1999,247.767,2,C:27,0.2402690025534458
C,27,2000,319.002,2,C:27,0.6655673899921742
C,27,2001,91.03399999999999,2,C:27,-1.439164840513357
C,27,2002,210.464,2,C:27,-0.03412302855156665
C,27,2003,192.796,2,C:27,-0.18148277713467473
C,27,2004,176.2343,2,C:27,-0.3323636085173254
C,28,1982,111.203,9,C:28,-1.1044942453490112
C,28,1983,102.833,9,C:28,-1.2354325208741357
C,28,1984,152.996,9,C:28,-0.5697403743108628
C,28,1985,101.02199999999999,9,C:28,-1.2651504182584532
C,28,1986,322.137,9,C:28,0.6820333093041662
C,28,1987,176.83599999999998,9,C:28,-0.32663939369238154
C,28,1988,98.0,9,C:28,-1.3159351817194418
C,28,1989,174.399,9,C:28,-0.349944362982752
C,28,1990,217.91500000000002,9,C:28,0.02436361934499441
C,28,1991,220.00400000000002,9,C:28,0.04040415359318935
C,28,1992,238.045,9,C:28,0.17293871159553495
C,28,1993,338.834,9,C:28,0.767124697244001
C,28,1994,137.87,9,C:28,-0.744359414571184
C,28,1995,431.166,9,C:28,1.1730709260606178
C,28,1996,159.53400000000002,9,C:28,-0.49951480847144053
C,28,1997,430.795,9,C:28,1.171620386286279
C,28,1998,241.168,9,C:28,0.19486123660627175
C,28,1999,168.4,9,C:28,-0.4087212438805961
C,28,2000,329.834,9,C:28,0.7217920751518514
C,28,2001,188.166,9,C:28,-0.22232377208875714
C,28,2002,350.527,9,C:28,0.8242610259879873
C,28,2003,204.734,9,C:28,-0.08051999201288342
C,28,2004,179.66740000000001,9,C:28,-0.29996056103448765
C,29,1982,432.226,8,C:29,1.177208474110483
C,29,1983,383.73500000000007,8,C:29,0.9767206825046104
C,29,1984,294.77400000000006,8,C:29,0.5325927243916501
C,29,1985,205.743,8,C:29,-0.07225690854979397
C,29,1986,411.836,8,C:29,1.0957851213321566
C,29,1987,574.8000000000001,8,C:29,1.6577195592445482
C,29,1988,252.70000000000002,8,C:29,0.2734330378564807
C,29,1989,454.53,8,C:29,1.2619978135830068
C,29,1990,600.929,8,C:29,1.7326742012706784
C,29,1991,663.903,8,C:29,1.900728724435976
C,29,1992,629.883,8,C:29,1.812023196569133
C,29,1993,139.764,8,C:29,-0.7214799169135404
C,29,1994,235.553,8,C:29,0.15523917740836538
C,29,1995,255.76299999999998,8,C:29,0.29370229277394727
C,29,1996,228.03,8,C:29,0.10065313702843413
C,29,1997,387.40400000000005,8,C:29,0.9927510409958201
C,29,1998,484.53700000000003,8,C:29,1.3697433106115322
C,29,1999,301.86699999999996,8,C:29,0.5726179391171479
C,29,2000,209.837,8,C:29,-0.03913831328249919
C,29,2001,215.67,8,C:29,0.006953685572949807
C,29,2002,214.397,8,C:29,-0.0029987278165879167
C,29,2003,657.8639999999999,8,C:29,1.8853185932458658
C,29,2004,107.7326,8,C:29,-1.1575581739711158
C,3,1982,306.036,7,C:3,0.5957081411923847
C,3,1983,481.2609999999999,7,C:3,1.3583089818346923
C,3,1984,437.99699999999996,7,C:3,1.199558587007038
C,3,1985,198.806,7,C:3,-0.1299004686156161
C,3,1986,200.753,7,C:3,-0.11352213041401994
C,3,1987,440.133,7,C:3,1.2077565342745689
C,3,1988,253.6,7,C:3,0.2794140226406968
C,3,1989,263.13,7,C:3,0.3414795211048062
C,3,1990,586.076,7,C:3,1.6904751258164545
C,3,1991,488.184,7,C:3,1.382382153378311
C,3,1992,629.47,7,C:3,1.8109171758398463
C,3,1993,630.54,7,C:3,1.813781162095903
C,3,1994,651.066,7,C:3,1.8678017680970815
C,3,1995,607.76,7,C:3,1.7517334659579185
C,3,1996,375.973,7,C:3,0.9422975808997466
C,3,1997,746.91,7,C:3,2.0994207076200677
C,3,1998,370.53099999999995,7,C:3,0.9177379458876769
C,3,1999,125.787,7,C:3,-0.8981051597845412
C,3,2000,315.16700000000003,7,C:3,0.6452040988477357
C,3,2001,541.633,7,C:3,1.557518244829338
C,3,2002,1133.4360000000001,7,C:3,2.8030561453822576
C,3,2003,239.733,7,C:3,0.1848232891356179
C,3,2004,390.7297,7,C:3,1.0071511740999337
C,30,1982,111.171,9,C:30,-1.1049760015294257
C,30,1983,164.748,9,C:30,-0.44553085003046955
C,30,1984,133.136,9,C:30,-0.8029394243737331
C,30,1985,162.22,9,C:30,-0.4714894824168567
C,30,1986,139.529,9,C:30,-0.7243019290842545
C,30,1987,222.53699999999998,9,C:30,0.0596518124128504
C,30,1988,128.532,9,C:30,-0.8619285390807505
C,30,1989,196.334,9,C:30,-0.15092664425183544
C,30,1990,185.166,9,C:30,-0.24932383365871635
C,30,1991,183.177,9,C:30,-0.26746581276792886
C,30,1992,174.524,9,C:30,-0.34874113467190504
C,30,1993,172.433,9,C:30,-0.36898237680829093
C,30,1994,106.521,9,C:30,-1.1764838022990098
C,30,1995,194.78900000000002,9,C:30,-0.16420218164617126
C,30,1996,329.986,9,C:30,0.722567881898946
C,30,1997,196.701,9,C:30,-0.14778844541237385
C,30,1998,216.66400000000002,9,C:30,0.014684284800055248
C,30,1999,256.31600000000003,9,C:30,0.29733596106765325
C,30,2000,175.818,9,C:30,-0.3363354237309953
C,30,2001,101.57300000000001,9,C:30,-1.256053223827833
C,30,2002,180.33999999999997,9,C:30,-0.2936844624272837
C,30,2003,154.467,9,C:30,-0.5536836460969713
C,30,2004,138.5999,9,C:30,-0.7355054874406987
C,31,1982,664.726,6,C:31,1.9028179856901548
C,31,1983,320.96200000000005,6,C:31,0.6758806648053475
C,31,1984,422.25399999999996,6,C:31,1.1378775171656628
C,31,1985,246.994,6,C:31,0.23501267772491535
C,31,1986,385.993,6,C:31,0.9866041824267966
C,31,1987,359.767,6,C:31,0.8680824908970307
C,31,1988,9.601,6,C:31,-5.089365707966938
C,31,1989,102.53399999999999,6,C:31,-1.240303112172586
C,31,1990,330.40999999999997,6,C:31,0.7247300928303538
C,31,1991,323.736,6,C:31,0.6903702998378138
C,31,1992,253.98299999999998,6,C:31,0.2819528534999317
C,31,1993,284.229,6,C:31,0.4712778635509686
C,31,1994,257.363,6,C:31,0.30419427998706483
C,31,1995,408.284,6,C:31,1.0811905854085688
C,31,1996,204.3,6,C:31,-0.08408665428162977
C,31,1997,518.737,6,C:31,1.4847065875656569
C,31,1998,432.8,6,C:31,1.1794447721275956
C,31,1999,288.356,6,C:31,0.49554047242106164
C,31,2000,256.166,6,C:31,0.2963511091599861
C,31,2001,222.829,6,C:31,0.06185661536961514
C,31,2002,334.867,6,C:31,0.7472928817816853
C,31,2003,378.0,6,C:31,0.9513548724713575
C,31,2004,697.3397000000001,6,C:31,1.983596786683714
C,32,1982,140.11700000000002,3,C:32,-0.7172497356934305
C,32,1983,254.589,3,C:32,0.28596212694823775
C,32,1984,224.43099999999998,3,C:32,0.07390188271687903
C,32,1985,175.307,3,C:32,-0.34122355186962244
C,32,1986,251.46999999999997,3,C:32,0.2652246209027033
C,32,1987,246.134,3,C:32,0.2291454729625146
C,32,1988,95.967,3,C:32,-1.3509796810153056
C,32,1989,275.634,3,C:32,0.41960064018237775
C,32,1990,289.536,3,C:32,0.5024140894818683
C,32,1991,378.103,3,C:32,0.9518138155832726
C,32,1992,150.298,3,C:32,-0.59959315748519
C,32,1993,377.93,3,C:32,0.9510428981937233
C,32,1994,398.425,3,C:32,1.0400081571273763
C,32,1995,289.557,3,C:32,0.5025361635717346
C,32,1996,336.401,3,C:32,0.7549892880013527
C,32,1997,362.396,3,C:32,0.8803457528892583
C,32,1998,202.034,3,C:32,-0.10283222488670425
C,32,1999,271.563,3,C:32,0.3945608465808586
C,32,2000,354.017,3,C:32,0.840946540014218
C,32,2001,130.166,3,C:32,-0.8407561491397768
C,32,2002,435.687,3,C:32,1.1906478132602538
C,32,2003,133.663,3,C:32,-0.7963167505347589
C,32,2004,199.9999,3,C:32,-0.11983845328243505
C,33,1982,224.70299999999997,9,C:33,0.07593851789735763
C,33,1983,136.763,9,C:33,-0.7578768964644393
C,33,1984,169.261,9,C:33,-0.40015859290976885
C,33,1985,230.59,9,C:33,0.11942690689600786
C,33,1986,183.70000000000002,9,C:33,-0.2626765325659587
C,33,1987,320.331,9,C:33,0.6725672903717134
C,33,1988,133.934,9,C:33,-0.7929212466948238
C,33,1989,146.068,9,C:33,-0.6474859299507703
C,33,1990,267.10499999999996,9,C:33,0.36670803224470155
C,33,1991,237.897,9,C:33,0.17189270029447243
C,33,1992,211.87199999999999,9,C:33,-0.022914613247150134
C,33,1993,298.863,9,C:33,0.5557822630890785
C,33,1994,85.13,9,C:33,-1.5511435051487101
C,33,1995,294.73900000000003,9,C:33,0.5323928516383454
C,33,1996,346.836,9,C:33,0.8064333279555781
C,33,1997,376.101,9,C:33,0.9428709652706684
C,33,1998,269.6,9,C:33,0.382352921482045
C,33,1999,252.803,9,C:33,0.27411860257749476
C,33,2000,345.957,9,C:33,0.8021598298433962
C,33,2001,196.904,9,C:33,-0.14605510386069145
C,33,2002,363.763,9,C:33,0.8866872623837899
C,33,2003,160.3,9,C:33,-0.4914749665335079
C,33,2004,117.2664,9,C:33,-1.0156042215354835
C,34,1982,125.415,3,C:34,-0.9030679505398587
C,34,1983,238.904,3,C:34,0.1789970594063842
C,34,1984,236.305,3,C:34,0.1605998567765188
C,34,1985,468.04100000000005,3,C:34,1.3113638191325976
C,34,1986,265.3,3,C:34,0.35529875354732404
C,34,1987,386.632,3,C:34,0.9893906839929364
C,34,1988,138.3,3,C:34,-0.7391377573973278
C,34,1989,1450.003,3,C:34,3.218742481761586
C,34,1990,253.973,3,C:34,0.28188661398582027
C,34,1991,606.6070000000001,3,C:34,1.7485315151750027
C,34,1992,119.864,3,C:34,-0.9789094310702715
C,34,1993,438.804,3,C:34,1.2026605239016117
C,34,1994,1652.8339999999998,3,C:34,3.439728259911055
C,34,1995,221.411,3,C:34,0.05112267842666071
C,34,1996,168.647,3,C:34,-0.4062603835348402
C,34,1997,223.53199999999998,3,C:34,0.06715297779415946
C,34,1998,2736.068,3,C:34,4.2906121328697235
C,34,1999,108.134,3,C:34,-1.1513346402417237
C,34,2000,1501.566,3,C:34,3.277719800822288
C,34,2001,5906.634,3,C:34,5.590028702724058
C,34,2002,1392.703,3,C:34,3.15069284324117
C,34,2003,1066.783,3,C:34,2.7007876881622273
C,34,2004,1417.7666000000002,3,C:34,3.1807963406819573
C,35,1982,189.037,5,C:35,-0.2145649284778202
C,35,1983,314.172,5,C:35,0.6398804344942378
C,35,1984,293.399,5,C:35,0.5247227378262919
C,35,1985,262.596,5,C:35,0.33806143689755974
C,35,1986,356.44,5,C:35,0.8524345888914412
C,35,1987,426.504,5,C:35,1.154752228218943
C,35,1988,193.53300000000002,5,C:35,-0.17507189150905228
C,35,1989,231.867,5,C:35,0.12871435335052633
C,35,1990,305.87,5,C:35,0.5947947515875981
C,35,1991,295.53,5,C:35,0.5369042126702722
C,35,1992,279.97,5,C:35,0.44586833674935183
C,35,1993,336.63100000000003,5,C:35,0.7561402297287045
C,35,1994,276.401,5,C:35,0.42427700391967155
C,35,1995,269.552,5,C:35,0.3820533007818307
C,35,1996,235.83399999999997,5,C:35,0.1572442951863141
C,35,1997,330.633,5,C:35,0.7258661835938148
C,35,1998,339.467,5,C:35,0.7702677565082756
C,35,1999,156.067,5,C:35,-0.5363904068275299
C,35,2000,276.003,5,C:35,0.42185203243756486
C,35,2001,176.167,5,C:35,-0.33300506855751427
C,35,2002,3343.523,5,C:35,4.629142261542489
C,35,2003,292.933,5,C:35,0.5220471859204933
C,35,2004,195.5333,5,C:35,-0.15779369639069224
C,36,1982,257.69599999999997,3,C:36,0.30636975468024596
C,36,1983,278.481,3,C:36,0.4368938852436447
C,36,1984,306.565,3,C:36,0.598615591901297
C,36,1985,214.374,3,C:36,-0.0031790840770538277
C,36,1986,226.28,3,C:36,0.0876983572268593
C,36,1987,342.437,3,C:36,0.784937208144205
C,36,1988,135.1,3,C:36,-0.7783891827876371
C,36,1989,205.033,3,C:36,-0.07806715003341921
C,36,1990,196.92600000000002,3,C:36,-0.14586736083233484
C,36,1991,372.793,3,C:36,0.927989711585182
C,36,1992,237.607,3,C:36,0.16984120331770744
C,36,1993,286.63,3,C:36,0.4854356972446574
C,36,1994,79.708,3,C:36,-1.6609599416217788
C,36,1995,531.433,3,C:36,1.5254682531863886
C,36,1996,203.743,3,C:36,-0.08867520888340777
C,36,1997,269.24,3,C:36,0.38010446956442584
C,36,1998,297.896,3,C:36,0.5503268876859365
C,36,1999,392.497,3,C:36,1.0147538380831482
C,36,2000,130.69899999999998,3,C:36,-0.8339068697211773
C,36,2001,158.533,3,C:36,-0.5100791987817065
C,36,2002,267.26599999999996,3,C:36,0.3677219680140766
C,36,2003,229.89800000000002,3,C:36,0.11437266767244157
C,36,2004,195.573,3,C:36,-0.15745255819488943
C,37,1982,143.303,2,C:37,-0.6795421043462296
C,37,1983,218.797,2,C:37,0.03115470957055308
C,37,1984,222.267,2,C:37,0.057610560482111314
C,37,1985,127.082,2,C:37,-0.8809416407947008
C,37,1986,159.471,2,C:37,-0.5001777551543581
C,37,1987,221.163,2,C:37,0.04923834605296469
C,37,1988,120.233,2,C:37,-0.9737608549431669
C,37,1989,312.601,2,C:37,0.6314406171389013
C,37,1990,170.721,2,C:37,-0.38573736997865377
C,37,1991,199.838,2,C:37,-0.12119941472286325
C,37,1992,194.062,2,C:37,-0.17048527522793322
C,37,1993,402.73,2,C:37,1.0581143770719874
C,37,1994,289.332,2,C:37,0.5012277675008597
C,37,1995,309.772,2,C:37,0.6161353241054187
C,37,1996,387.75699999999995,2,C:37,0.994285352639319
C,37,1997,247.701,2,C:37,0.23982084715486315
C,37,1998,273.533,2,C:37,0.40672423029911936
C,37,1999,206.5,2,C:37,-0.0660839831488917
C,37,2000,264.005,2,C:37,0.3470654037034409
C,37,2001,237.167,2,C:37,0.16672382091282073
C,37,2002,347.693,2,C:37,0.8105894824412029
C,37,2003,207.66,2,C:37,-0.056668369644724575
C,37,2004,139.8,2,C:37,-0.7210480248527106
C,38,1982,247.84699999999998,5,C:38,0.24081206183947113
C,38,1983,376.45099999999996,5,C:38,0.9444378200436553
C,38,1984,185.094,5,C:38,-0.24997716873134895
C,38,1985,347.623,5,C:38,0.8102503898857916
C,38,1986,386.62699999999995,5,C:38,0.9893688982170503
C,38,1987,369.73400000000004,5,C:38,0.9141109309056682
C,38,1988,140.796,5,C:38,-0.7091425980202304
C,38,1989,312.567,5,C:38,0.6312574933058384
C,38,1990,253.17000000000002,5,C:38,0.2765590831494608
C,38,1991,323.237,5,C:38,0.6877729894857723
C,38,1992,242.334,5,C:38,0.20297380191595688
C,38,1993,220.3,5,C:38,0.04266473813190415
C,38,1994,499.552,5,C:38,1.4211823244922284
C,38,1995,313.785,5,C:38,0.6378052822828241
C,38,1996,254.24300000000002,5,C:38,0.2836741696520126
C,38,1997,303.736,5,C:38,0.5830085386198609
C,38,1998,293.767,5,C:38,0.5268326289389977
C,38,1999,246.499,5,C:38,0.23163811376518031
C,38,2000,255.93400000000003,5,C:38,0.2948267396467377
C,38,2001,267.504,5,C:38,0.369219715482899
C,38,2002,207.95000000000002,5,C:38,-0.05432264504661364
C,38,2003,171.503,5,C:38,-0.37806346888861253
C,38,2004,395.04999999999995,5,C:38,1.02567639168505
C,39,1982,200.928,1,C:39,-0.1120577645014091
C,39,1983,323.409,1,C:39,0.6886687059493887
C,39,1984,102.875,1,C:39,-1.2347494812219384
C,39,1985,177.34,1,C:39,-0.32185952443101723
C,39,1986,212.387,1,C:39,-0.01883345229661814
C,39,1987,193.83,1,C:39,-0.1724952636505083
C,39,1988,137.434,1,C:39,-0.7496704666126183
C,39,1989,89.333,1,C:39,-1.4706728159802422
C,39,1990,212.238,1,C:39,-0.02001320186943327
C,39,1991,363.90299999999996,1,C:39,0.8873353799238054
C,39,1992,109.758,1,C:39,-1.1263867206364377
C,39,1993,367.869,1,C:39,0.9055930622989958
C,39,1994,190.86,1,C:39,-0.19844015714424496
C,39,1995,382.967,1,C:39,0.9733458424300893
C,39,1996,228.987,1,C:39,0.10769574705671216
C,39,1997,234.799,1,C:39,0.1498471039496859
C,39,1998,429.366,1,C:39,1.1660215973350632
C,39,1999,166.164,1,C:39,-0.43116318260988773
C,39,2000,602.97,1,C:39,1.7383913873602974
C,39,2001,343.764,1,C:39,0.7914505819869938
C,39,2002,261.964,1,C:39,0.3340071053022083
C,39,2003,163.631,1,C:39,-0.4569515372497999
C,39,2004,369.6369,1,C:39,0.9136685121386355
C,4,1982,142.94,2,C:4,-0.6837961086934559
C,4,1983,205.536,2,C:4,-0.07394881711011672
C,4,1984,229.714,2,C:4,0.11302621652788107
C,4,1985,168.952,2,C:4,-0.4032266083310154
C,4,1986,237.99900000000002,2,C:4,0.17261366935321795
C,4,1987,189.732,2,C:4,-0.2083993540113049
C,4,1988,86.832,2,C:4,-1.5180937028870405
C,4,1989,157.967,2,C:4,-0.5160820460777903
C,4,1990,200.868,2,C:4,-0.112559689798869
C,4,1991,220.667,2,C:4,0.045463362646906064
C,4,1992,225.536,2,C:4,0.08216047946800795
C,4,1993,224.768,2,C:4,0.07642485045529697
C,4,1994,143.016,2,C:4,-0.6829045759171716
C,4,1995,357.404,2,C:4,0.8569835136267865
C,4,1996,230.381,2,C:4,0.11790200336011085
C,4,1997,220.715,2,C:4,0.04582905259681431
C,4,1998,253.50099999999998,2,C:4,0.27875715012034125
C,4,1999,163.12,2,C:4,-0.4622020777325202
C,4,2000,237.299,2,C:4,0.167659639939645
C,4,2001,253.833,2,C:4,0.2809589879103383
C,4,2002,238.25,2,C:4,0.17438650932350813
C,4,2003,214.834,2,C:4,0.0004243869195178674
C,4,2004,217.301,2,C:4,0.01961986212799457
C,40,1982,430.161,7,C:40,1.169138679162678
C,40,1983,477.03200000000004,7,C:40,1.3434329679991484
C,40,1984,391.18300000000005,7,C:40,1.0091044694267015
C,40,1985,252.49699999999999,7,C:40,0.27208106108811864
C,40,1986,409.737,7,C:40,1.087175954524323
C,40,1987,423.503,7,C:40,1.14285421430359
C,40,1988,254.836,7,C:40,0.2875935435487455
C,40,1989,247.5,7,C:40,0.23845527726698368
C,40,1990,317.23,7,C:40,0.6561888312666566
C,40,1991,404.469,7,C:40,1.0653736772825246
C,40,1992,453.95,7,C:40,1.259845985921857
C,40,1993,217.03,7,C:40,0.017521873541074498
C,40,1994,379.00000000000006,7,C:40,0.9558053674909898
C,40,1995,404.562,7,C:40,1.0657610199507523
C,40,1996,192.803,7,C:40,-0.18142177216211253
C,40,1997,509.401,7,C:40,1.454092087632309
C,40,1998,272.563,7,C:40,0.40074609969202746
C,40,1999,211.407,7,C:40,-0.02660803609859805
C,40,2000,186.4,7,C:40,-0.23816550263300193
C,40,2001,191.867,7,C:40,-0.18959862275806907
C,40,2002,443.274,7,C:40,1.219739840320472
C,40,2003,304.533,7,C:40,0.5874200469409263
C,40,2004,197.3227,7,C:40,-0.14248558871444708
C,41,1982,146.845,1,C:41,-0.6385861770110407
C,41,1983,253.7,1,C:41,0.2800772709832769
C,41,1984,168.543,1,C:41,-0.40729609827467944
C,41,1985,182.425,1,C:41,-0.27437600970648507
C,41,1986,201.56300000000002,1,C:41,-0.1067548446512527
C,41,1987,176.96800000000002,1,C:41,-0.3253862150955027
C,41,1988,156.601,1,C:41,-0.5306579744788265
C,41,1989,284.537,1,C:41,0.4731006781907975
C,41,1990,291.747,1,C:41,0.515218551838788
C,41,1991,218.467,1,C:41,0.028617021409725545
C,41,1992,106.859,1,C:41,-1.17118275684461
C,41,1993,184.1,1,C:41,-0.2590227466462741
C,41,1994,162.13899999999998,1,C:41,-0.47232785926753973
C,41,1995,397.502,1,C:41,1.0361007507781217
C,41,1996,337.166,1,C:41,0.75881439015262
C,41,1997,347.069,1,C:41,0.8075643102976184
C,41,1998,273.201,1,C:41,0.40468048810902285
C,41,1999,285.12300000000005,1,C:41,0.4765633378483539
C,41,2000,292.133,1,C:41,0.5174440566556183
C,41,2001,644.203,1,C:41,1.8499312207531167
C,41,2002,236.55700000000002,1,C:41,0.16239245519201398
C,41,2003,297.604,1,C:41,0.5486760863168848
C,41,2004,274.1037,1,C:41,0.41023160487159144
C,42,1982,199.74699999999999,2,C:42,-0.12196485931842488
C,42,1983,300.01800000000003,2,C:42,0.562275240490667
C,42,1984,209.85399999999998,2,C:42,-0.03900213607207305
C,42,1985,182.243,2,C:42,-0.27605268227072316
C,42,1986,194.749,2,C:42,-0.16454727446240902
C,42,1987,338.13300000000004,2,C:42,0.7636371560219956
C,42,1988,135.0,2,C:42,-0.7796306101736838
C,42,1989,199.632,2,C:42,-0.12293267587994287
C,42,1990,283.234,2,C:42,0.465375746000124
C,42,1991,229.862,2,C:42,0.11410931602700011
C,42,1992,220.38,2,C:42,0.043275187901873825
C,42,1993,330.728,2,C:42,0.7263499364220675
C,42,1994,167.62199999999999,2,C:42,-0.4164959725376002
C,42,1995,387.35999999999996,2,C:42,0.9925596976201801
C,42,1996,250.77599999999998,2,C:42,0.2605755397530957
C,42,1997,328.798,2,C:42,0.7164948266237192
C,42,1998,280.533,2,C:42,0.4492492462110619
C,42,1999,212.32399999999998,2,C:42,-0.019332172036123085
C,42,2000,161.03300000000002,2,C:42,-0.48381715752012383
C,42,2001,148.333,2,C:42,-0.6216724331646566
C,42,2002,213.113,2,C:42,-0.01309690256274223
C,42,2003,284.766,2,C:42,0.4744546787538887
C,42,2004,271.3973,2,C:42,0.3935337589468269
C,43,1982,145.019,1,C:43,-0.6595760504978336
C,43,1983,190.691,1,C:43,-0.1999285358821156
C,43,1984,174.365,1,C:43,-0.3502717894244114
C,43,1985,189.484,1,C:43,-0.21059686201723235
C,43,1986,158.234,1,C:43,-0.5132476556861194
C,43,1987,158.132,1,C:43,-0.5143298951082164
C,43,1988,131.566,1,C:43,-0.8228245454924445
C,43,1989,170.833,1,C:43,-0.38463615306625315
C,43,1990,143.347,1,C:43,-0.679027194778148
C,43,1991,195.732,1,C:43,-0.15608697700992866
C,43,1992,156.698,1,C:43,-0.5296187748125528
C,43,1993,296.5,1,C:43,0.5424200771293741
C,43,1994,209.43699999999998,1,C:43,-0.04234565556375317
C,43,1995,304.339,1,C:43,0.5863472899107944
C,43,1996,277.938,1,C:43,0.43360923127826195
C,43,1997,183.534,1,C:43,-0.2641951776063085
C,43,1998,275.534,1,C:43,0.41898998956590017
C,43,1999,212.818,1,C:43,-0.015425520187152203
C,43,2000,217.26600000000002,1,C:43,0.019349050701476224
C,43,2001,181.373,1,C:43,-0.2840906215912004
C,43,2002,248.01500000000001,1,C:43,0.24195191829391052
C,43,2003,154.465,1,C:43,-0.5537053738301436
C,43,2004,197.2672,1,C:43,-0.14295830567017584
C,44,1982,749.553,8,C:44,2.1053787204439316
C,44,1983,744.168,8,C:44,2.0932172290493627
C,44,1984,324.127,8,C:44,0.6924026795111109
C,44,1985,441.861,8,C:44,1.2143595878034552
C,44,1986,403.112,8,C:44,1.0597116782454132
C,44,1987,489.90000000000003,8,C:44,1.3882964659316517
C,44,1988,174.297,8,C:44,-0.3509268327964425
C,44,1989,223.897,8,C:44,0.06989633090538999
C,44,1990,190.52599999999998,8,C:44,-0.201382953237625
C,44,1991,280.534,8,C:44,0.4492552453617232
C,44,1992,354.50600000000003,8,C:44,0.8432713134304962
C,44,1993,536.4,8,C:44,1.5411513251213376
C,44,1994,366.87,8,C:44,0.9010126777804374
C,44,1995,813.5989999999999,8,C:44,2.2436805455517335
C,44,1996,193.633,8,C:44,-0.17420390102691774
C,44,1997,251.964,8,C:44,0.26852612984637614
C,44,1998,278.16299999999995,8,C:44,0.43497105089224203
C,44,1999,247.327,8,C:44,0.2372790512667347
C,44,2000,317.167,8,C:44,0.6558544343447463
C,44,2001,152.46499999999997,8,C:44,-0.5755742176364839
C,44,2002,573.203,8,C:44,1.6530286604199278
C,44,2003,856.6700000000001,8,C:44,2.3307016760031383
C,44,2004,578.0666,8,C:44,1.6672742170721426
C,45,1982,242.69899999999998,4,C:45,0.20550533962527787
C,45,1983,401.233,4,C:45,1.0518401961332366
C,45,1984,199.46099999999998,4,C:45,-0.12437280322914304
C,45,1985,188.327,4,C:45,-0.22088690070930356
C,45,1986,328.102,4,C:45,0.7129267042757104
C,45,1987,203.667,4,C:45,-0.08930226295906685
C,45,1988,122.401,4,C:45,-0.9438241721652277
C,45,1989,360.933,4,C:45,0.873532418291396
C,45,1990,280.577,4,C:45,0.4495131886840752
C,45,1991,313.934,4,C:45,0.6386045445735142
C,45,1992,287.717,4,C:45,0.4918065250386048
C,45,1993,466.333,4,C:45,1.30520228518359
C,45,1994,387.50300000000004,4,C:45,0.9931814843495037
C,45,1995,405.153,4,C:45,1.0682204463480578
C,45,1996,325.07099999999997,4,C:45,0.6972994425051107
C,45,1997,368.544,4,C:45,0.9086808995617671
C,45,1998,224.264,4,C:45,0.07265023072466255
C,45,1999,333.603,4,C:45,0.7409246614320824
C,45,2000,342.40000000000003,4,C:45,0.7847552389441774
C,45,2001,218.469,4,C:45,0.028632412827907242
C,45,2002,331.019,4,C:45,0.7278308860590507
C,45,2003,329.8,4,C:45,0.721618490650264
C,45,2004,638.3706,4,C:45,1.8345941953385234
C,46,1982,234.86,4,C:46,0.15028397327866197
C,46,1983,423.804,4,C:46,1.1440513728056871
C,46,1984,137.02700000000002,4,C:46,-0.7546433776768122
C,46,1985,73.361,4,C:46,-1.7992962091365345
C,46,1986,278.474,4,C:46,0.43685158225617904
C,46,1987,266.933,4,C:46,0.3656241484387374
C,46,1988,36.832,4,C:46,-2.940656630362798
C,46,1989,238.866,4,C:46,0.1787295122413839
C,46,1990,268.971,4,C:46,0.37842242020226063
C,46,1991,300.137,4,C:46,0.5629427977364103
C,46,1992,380.474,4,C:46,0.962344088247064
C,46,1993,457.084,4,C:46,1.271440794721726
C,46,1994,295.19,4,C:46,0.5349665452958116
C,46,1995,356.51,4,C:46,0.852765317843578
C,46,1996,177.2,4,C:46,-0.32318590955317633
C,46,1997,468.063,4,C:46,1.3114430367063967
C,46,1998,268.067,4,C:46,0.3727574282226338
C,46,1999,122.0,4,C:46,-0.9493215062903336
C,46,2000,244.199,4,C:46,0.21586926328006797
C,46,2001,204.466,4,C:46,-0.08272155742459912
C,46,2002,403.603,4,C:46,1.0617625376613753
C,46,2003,310.831,4,C:46,0.6218809191592808
C,46,2004,346.164,4,C:46,0.8031671905775586
C,47,1982,339.936,1,C:47,0.7725927337920926
C,47,1983,264.74,1,C:47,0.35174331033410594
C,47,1984,84.748,1,C:47,-1.5586509755810927
C,47,1985,260.619,1,C:47,0.3253462881959844
C,47,1986,288.688,1,C:47,0.4974772351074703
C,47,1987,293.166,1,C:47,0.5233854916794018
C,47,1988,104.46600000000001,1,C:47,-1.2090766307621523
C,47,1989,348.998,1,C:47,0.8168987030264596
C,47,1990,180.57999999999998,1,C:47,-0.2914506317707631
C,47,1991,250.4,1,C:47,0.25805137410891427
C,47,1992,143.299,1,C:47,-0.6795889220919915
C,47,1993,310.91,1,C:47,0.6223087505490558
C,47,1994,192.299,1,C:47,-0.18581977201674432
C,47,1995,252.133,1,C:47,0.2696541134889661
C,47,1996,368.878,1,C:47,0.9102067219126871
C,47,1997,253.3,1,C:47,0.2774227134502941
C,47,1998,333.267,1,C:47,0.7392277958518813
C,47,1999,250.79999999999998,1,C:47,0.2607365287010005
C,47,2000,173.703,1,C:47,-0.3566596574908677
C,47,2001,326.183,1,C:47,0.7030495104039355
C,47,2002,282.44,1,C:47,0.46065107441272635
C,47,2003,213.934,1,C:47,-0.006633091380554546
C,47,2004,195.5333,1,C:47,-0.15779369639069224
C,48,1982,466.795,7,C:48,1.3068711485975495
C,48,1983,442.56100000000004,7,C:48,1.2170271063524887
C,48,1984,291.249,7,C:48,0.5123429656099805
C,48,1985,211.50900000000001,7,C:48,-0.025797174114854902
C,48,1986,493.59400000000005,7,C:48,1.4009582465511838
C,48,1987,326.87,7,C:48,0.7065921771463775
C,48,1988,163.9,7,C:48,-0.4541940980567832
C,48,1989,342.929,7,C:48,0.7873550448954821
C,48,1990,310.39700000000005,7,C:48,0.6195286192768282
C,48,1991,256.1,7,C:48,0.2959175923229065
C,48,1992,571.057,7,C:48,1.6467045865886414
C,48,1993,266.937,7,C:48,0.3656493629405039
C,48,1994,91.76700000000001,7,C:48,-1.4257664763008924
C,48,1995,533.429,7,C:48,1.531788043095852
C,48,1996,227.67,7,C:48,0.09799625958404298
C,48,1997,103.101,7,C:48,-1.2310788121473384
C,48,1998,327.90099999999995,7,C:48,0.7118948507766305
C,48,1999,171.013,7,C:48,-0.38286784302831317
C,48,2000,249.803,7,C:48,0.254035823748101
C,48,2001,134.768,7,C:48,-0.7825142407112443
C,48,2002,290.674,7,C:48,0.5090166592427364
C,48,2003,204.001,7,C:48,-0.08654826023586558
C,48,2004,347.6373,7,C:48,0.8103196671841711
C,49,1982,249.954,5,C:49,0.2550523845613372
C,49,1983,385.58,5,C:49,0.9848007551514893
C,49,1984,181.543,5,C:49,-0.2825169797622504
C,49,1985,336.564,5,C:49,0.7558050363504634
C,49,1986,340.166,5,C:49,0.7737317459859829
C,49,1987,483.40399999999994,5,C:49,1.365797514561189
C,49,1988,69.167,5,C:49,-1.897346350726527
C,49,1989,188.534,5,C:49,-0.21904128902320188
C,49,1990,180.717,5,C:49,-0.2901768101378007
C,49,1991,397.418,5,C:49,1.0357446979781664
C,49,1992,268.84299999999996,5,C:49,0.37762145125727414
C,49,1993,336.96999999999997,5,C:49,0.7578351891094046
C,49,1994,187.601,5,C:49,-0.2273759030332208
C,49,1995,358.931,5,C:49,0.8641641429420716
C,49,1996,293.278,5,C:49,0.5240284202610315
C,49,1997,259.10299999999995,5,C:49,0.3155308178091914
C,49,1998,427.299,5,C:49,1.1578901585205776
C,49,1999,170.461,5,C:49,-0.38829653784593
C,49,2000,319.103,5,C:49,0.6661003811469568
C,49,2001,586.103,5,C:49,1.690552800465448
C,49,2002,249.98600000000002,5,C:49,0.255267736118571
C,49,2003,243.133,5,C:49,0.20851051210461324
C,49,2004,212.166,5,C:49,-0.020583577647843087
C,5,1982,274.38300000000004,4,C:5,0.41194545951807054
C,5,1983,242.802,4,C:5,0.20621903283413145
C,5,1984,357.952,4,C:5,0.8595639654296532
C,5,1985,197.10100000000003,4,C:5,-0.14437469316721696
C,5,1986,250.72599999999997,4,C:5,0.26024009681776833
C,5,1987,361.699,4,C:5,0.8771031832700995
C,5,1988,140.867,4,C:5,-0.7082971137930005
C,5,1989,136.83399999999997,4,C:5,-0.7570066671344895
C,5,1990,205.513,4,C:5,-0.07413691161387637
C,5,1991,340.64300000000003,4,C:5,0.776091512623778
C,5,1992,311.55,4,C:5,0.6257707368520461
C,5,1993,249.552,4,C:5,0.25234468885178796
C,5,1994,266.267,4,C:5,0.36142067611257833
C,5,1995,284.66700000000003,4,C:5,0.47386945799114655
C,5,1996,196.52700000000002,4,C:5,-0.1492755839074834
C,5,1997,306.831,4,C:5,0.6000756725283126
C,5,1998,277.266,4,C:5,0.42953538064031666
C,5,1999,311.071,4,C:5,0.6231803247448904
C,5,2000,302.767,4,C:5,0.5776294182286491
C,5,2001,137.70000000000002,4,C:5,-0.746428251664211
C,5,2002,435.927,4,C:5,1.1915757994464646
C,5,2003,384.37,4,C:5,0.9795059936987054
C,5,2004,362.6333,4,C:5,0.8814482962640365
C,50,1982,220.64800000000002,4,C:50,0.04531858849854474
C,50,1983,330.853,4,C:50,0.7269862422772134
C,50,1984,229.481,4,C:50,0.1113196579045434
C,50,1985,255.386,4,C:50,0.29122060131852107
C,50,1986,337.014,4,C:50,0.7580550591742083
C,50,1987,476.564,4,C:50,1.3417786408058812
C,50,1988,58.900000000000006,4,C:50,-2.1645428396520807
C,50,1989,121.933,4,C:50,-0.9502417605786071
C,50,1990,321.31,4,C:50,0.6777052320450616
C,50,1991,212.866,4,C:50,-0.015046407708270192
C,50,1992,334.618,4,C:50,0.7460402803741683
C,50,1993,603.809,4,C:50,1.740735966885792
C,50,1994,310.663,4,C:50,0.6209707400616239
C,50,1995,439.91,4,C:50,1.206902520336786
C,50,1996,297.219,4,C:50,0.5464970469198525
C,50,1997,281.5,4,C:50,0.45504049509449024
C,50,1998,298.837,4,C:50,0.5556358131675261
C,50,1999,333.264,4,C:50,0.7392126375850316
C,50,2000,156.634,4,C:50,-0.5303043605569467
C,50,2001,115.14699999999999,4,C:50,-1.046145848905197
C,50,2002,286.635,4,C:50,0.48546505696378983
C,50,2003,292.134,4,C:50,0.5174498184054103
C,50,2004,491.443,4,C:50,1.3935968958403502
C,51,1982,558.423,8,C:51,1.6089854376939154
C,51,1983,647.03,8,C:51,1.857315354699221
C,51,1984,287.666,8,C:51,0.4915081544380128
C,51,1985,155.963,8,C:51,-0.5375091027624431
C,51,1986,407.148,8,C:51,1.0764962207790858
C,51,1987,331.761,8,C:51,0.7316011867220322
C,51,1988,143.833,8,C:51,-0.6733502029544406
C,51,1989,294.803,8,C:51,0.5327583153278657
C,51,1990,319.37,8,C:51,0.6675085680613104
C,51,1991,556.679,8,C:51,1.6037118782222692
C,51,1992,374.354,8,C:51,0.9350283123259222
C,51,1993,823.033,8,C:51,2.263128282993144
C,51,1994,436.93,8,C:51,1.19544849980901
C,51,1995,417.503,8,C:51,1.118811817410979
C,51,1996,465.393,8,C:51,1.3018016629323907
C,51,1997,348.566,8,C:51,0.8148127419819716
C,51,1998,342.897,8,C:51,0.7871978924171383
C,51,1999,129.121,8,C:51,-0.8542660028865826
C,51,2000,354.60699999999997,8,C:51,0.843751082894132
C,51,2001,126.801,8,C:51,-0.8846511367738282
C,51,2002,612.934,8,C:51,1.766027706286415
C,51,2003,458.57,8,C:51,1.2769108292913207
C,51,2004,643.2001,8,C:51,1.847303865174835
C,52,1982,458.23,6,C:52,1.2756608356772108
C,52,1983,441.33299999999997,6,C:52,1.2123447255702848
C,52,1984,269.213,6,C:52,0.3799357149423944
C,52,1985,343.943,6,C:52,0.7923272562379078
C,52,1986,428.07,6,C:52,1.1609278003353876
C,52,1987,336.16999999999996,6,C:52,0.75383255220883
C,52,1988,235.004,6,C:52,0.1513148233484097
C,52,1989,326.633,6,C:52,0.7053708738613071
C,52,1990,238.883,6,C:52,0.17884920963321838
C,52,1991,358.397,6,C:52,0.8616565085637921
C,52,1992,515.478,6,C:52,1.474082643838295
C,52,1993,171.66400000000002,6,C:52,-0.3764878670330949
C,52,1994,100.76,6,C:52,-1.2694933755076974
C,52,1995,347.366,6,C:52,0.8090048516534236
C,52,1996,166.87,6,C:52,-0.42404504621694833
C,52,1997,332.803,6,C:52,0.7368816990668926
C,52,1998,217.96300000000002,6,C:52,0.024733905911999275
C,52,1999,147.584,6,C:52,-0.6301649670951234
C,52,2000,276.87,6,C:52,0.42713010920103434
C,52,2001,201.17000000000002,6,C:52,-0.11003484518743023
C,52,2002,403.299,6,C:52,1.0604930527633105
C,52,2003,339.237,6,C:52,0.7691264050609535
C,52,2004,449.4703,6,C:52,1.243133075279902
C,53,1982,159.18,9,C:53,-0.503243318915522
C,53,1983,238.443,9,C:53,0.17574842462629992
C,53,1984,160.537,9,C:53,-0.48899517618665905
C,53,1985,136.716,9,C:53,-0.7584532105156446
C,53,1986,168.352,9,C:53,-0.4091998841301664
C,53,1987,601.239,9,C:53,1.7335438111510229
C,53,1988,125.801,9,C:53,-0.897918672518729
C,53,1989,342.601,9,C:53,0.7857435383734496
C,53,1990,160.14,9,C:53,-0.49315114767361773
C,53,1991,442.231,9,C:53,1.2157700867875596
C,53,1992,137.111,9,C:53,-0.7536158276654343
C,53,1993,309.236,9,C:53,0.6132197938902951
C,53,1994,217.934,9,C:53,0.02451020081847573
C,53,1995,257.693,9,C:53,0.30635016831235723
C,53,1996,223.45999999999998,9,C:53,0.06661129662124163
C,53,1997,186.534,9,C:53,-0.23695824534550528
C,53,1998,175.001,9,C:53,-0.344157475970478
C,53,1999,259.632,9,C:53,0.3189623564739118
C,53,2000,165.912,9,C:53,-0.4337112164414712
C,53,2001,254.37,9,C:53,0.2845143290820439
C,53,2002,145.40200000000002,9,C:53,-0.6551517938886268
C,53,2003,177.989,9,C:53,-0.3157243522666345
C,53,2004,130.9331,9,C:53,-0.8309073405996714
C,54,1982,232.243,9,C:54,0.13143924578207725
C,54,1983,143.868,9,C:54,-0.672942101731585
C,54,1984,235.33,9,C:54,0.15364623146716355
C,54,1985,175.574,9,C:54,-0.3386677162835177
C,54,1986,320.015,9,C:54,0.6709055317619256
C,54,1987,144.536,9,C:54,-0.6651720398350773
C,54,1988,133.134,9,C:54,-0.8029646073890937
C,54,1989,269.43399999999997,9,C:54,0.38131650720374655
C,54,1990,194.369,9,C:54,-0.1678291777108572
C,54,1991,190.971,9,C:54,-0.19746329610798835
C,54,1992,183.189,9,C:54,-0.26735577252209014
C,54,1993,414.854,9,C:54,1.1080872113727194
C,54,1994,204.267,9,C:54,-0.08435816047793056
C,54,1995,266.746,9,C:54,0.36444495013195216
C,54,1996,142.393,9,C:54,-0.6902267189323953
C,54,1997,240.165,9,C:54,0.1878514474959723
C,54,1998,203.967,9,C:54,-0.08682840260864959
C,54,1999,313.899,9,C:54,0.6384168323832835
C,54,2000,219.43200000000002,9,C:54,0.03602713523679801
C,54,2001,240.533,9,C:54,0.1904267144050687
C,54,2002,485.452,9,C:54,1.3729231831803548
C,54,2003,146.114,9,C:54,-0.6469577382379099
C,54,2004,317.4006,9,C:54,0.6570940246522151
C,6,1982,511.562,5,C:6,1.4612279313681469
C,6,1983,400.764,5,C:6,1.049869733027468
C,6,1984,282.816,5,C:6,0.4628900979255363
C,6,1985,254.52399999999997,5,C:6,0.2855325447503038
C,6,1986,400.983,5,C:6,1.0507901287775239
C,6,1987,293.2,5,C:6,0.5235806922996802
C,6,1988,136.137,5,C:6,-0.7655690897428978
C,6,1989,299.73600000000005,5,C:6,0.5606922438316277
C,6,1990,189.997,5,C:6,-0.2060543659658102
C,6,1991,353.233,5,C:6,0.8372126051383846
C,6,1992,338.89,5,C:6,0.7674029921567715
C,6,1993,394.65999999999997,5,C:6,1.0240124107134203
C,6,1994,211.2,5,C:6,-0.028254806582418957
C,6,1995,471.95700000000005,5,C:6,1.3254063390383997
C,6,1996,295.734,5,C:6,0.5380657469539855
C,6,1997,328.867,5,C:6,0.7168481525401467
C,6,1998,329.634,5,C:6,0.7207707335697064
C,6,1999,208.21699999999998,5,C:6,-0.05216583743646259
C,6,2000,214.397,5,C:6,-0.0029987278165879167
C,6,2001,89.1,5,C:6,-1.4750348599235052
C,6,2002,419.41700000000003,5,C:6,1.12651858004016
C,6,2003,200.4,5,C:6,-0.11647983479399293
C,6,2004,178.897,5,C:6,-0.30717801353116325
C,7,1982,286.143,3,C:7,0.48257361209558064
C,7,1983,286.541,3,C:7,0.484913008831097
C,7,1984,237.656,3,C:7,0.17018801056043106
C,7,1985,243.103,3,C:7,0.20830295323331316
C,7,1986,289.169,3,C:7,0.5002792737201023
C,7,1987,242.431,3,C:7,0.20364693702134978
C,7,1988,61.733000000000004,3,C:7,-2.086494019667241
C,7,1989,257.404,3,C:7,0.30446228253883373
C,7,1990,162.44299999999998,3,C:7,-0.46918350617623605
C,7,1991,247.57700000000003,3,C:7,0.23897853650451262
C,7,1992,184.853,3,C:7,-0.2521658669635581
C,7,1993,510.51300000000003,3,C:7,1.4577677909788165
C,7,1994,301.937,3,C:7,0.5730082545733477
C,7,1995,401.713,3,C:7,1.053854497216235
C,7,1996,360.48900000000003,3,C:7,0.8714592184991073
C,7,1997,435.13,3,C:7,1.1884921451273929
C,7,1998,752.2040000000001,3,C:7,2.1113337285861182
C,7,1999,396.701,3,C:7,1.0327024743977804
C,7,2000,292.266,3,C:7,0.5182101968920386
C,7,2001,269.357,3,C:7,0.380835544814043
C,7,2002,426.464,3,C:7,1.1545941907827904
C,7,2003,197.03300000000002,3,C:7,-0.14495454447586664
C,7,2004,280.9673,3,C:7,0.4518526744288817
C,8,1982,248.094,1,C:8,0.24248765641488532
C,8,1983,196.82899999999998,1,C:8,-0.1466952938004614
C,8,1984,190.429,1,C:8,-0.20223855928075385
C,8,1985,165.46300000000002,1,C:8,-0.4382607138174416
C,8,1986,170.61599999999999,1,C:8,-0.3867704133337818
C,8,1987,269.332,1,C:8,0.38067935873629033
C,8,1988,203.433,1,C:8,-0.09123439262735303
C,8,1989,436.599,1,C:8,1.1941714515106652
C,8,1990,179.994,1,C:8,-0.2969101105256334
C,8,1991,507.39599999999996,1,C:8,1.4474443001994015
C,8,1992,254.175,1,C:8,0.2832241486547069
C,8,1993,419.913,1,C:8,1.1285100107293349
C,8,1994,313.826,1,C:8,0.6380252512391729
C,8,1995,220.29899999999998,1,C:8,0.0426571061133829
C,8,1996,204.36599999999999,1,C:8,-0.0835437727905079
C,8,1997,274.331,1,C:8,0.4116265062386543
C,8,1998,194.965,1,C:8,-0.16268461035729778
C,8,1999,304.864,1,C:8,0.5892487979416154
C,8,2000,269.437,1,C:8,0.38133524322637663
C,8,2001,213.495,1,C:8,-0.0100863026205359
C,8,2002,137.903,1,C:8,-0.743958110323539
C,8,2003,219.136,1,C:8,0.033757643160680154
C,8,2004,149.0,1,C:8,-0.6141454352040494
C,9,1982,367.529,6,C:9,0.9040355666702988
C,9,1983,258.962,6,C:9,0.3146149952435798
C,9,1984,305.644,6,C:9,0.5935504265917524
C,9,1985,178.56,6,C:9,-0.3103449031520287
C,9,1986,534.393,6,C:9,1.5348318385974673
C,9,1987,641.2330000000001,6,C:9,1.8421386381469464
C,9,1988,17.466,6,C:9,-4.152020799963983
C,9,1989,241.863,6,C:9,0.19970146047579554
C,9,1990,238.156,6,C:9,0.17372279516016195
C,9,1991,365.1,6,C:9,0.8928666545711186
C,9,1992,433.24399999999997,6,C:9,1.181172562749515
C,9,1993,484.853,6,C:9,1.3708421730123246
C,9,1994,241.367,6,C:9,0.1962485602611183
C,9,1995,602.556,6,C:9,1.7372332669606931
C,9,1996,482.90000000000003,6,C:9,1.3640393128688666
C,9,1997,508.17,6,C:9,1.4500136799729122
C,9,1998,575.8670000000001,6,C:9,1.6608464342978877
C,9,1999,204.334,6,C:9,-0.0838069662667921
C,9,2000,307.87,6,C:9,0.6057667061294957
C,9,2001,158.136,6,C:9,-0.5142874412798
C,9,2002,396.427,6,C:9,1.0315384465326525
C,9,2003,330.717,6,C:9,0.7262939300290401
C,9,2004,346.39599999999996,6,C:9,0.80429549964043
